protocol,penalty,month,share,n_breaks
v2,0.5,2023-01,0.0,0
v2,0.5,2023-02,0.0,0
v2,0.5,2023-03,0.0,0
v2,0.5,2023-04,0.0,0
v2,0.5,2023-05,3.9447731755424065,80
v2,0.5,2023-06,10.552268244575936,214
v2,0.5,2023-07,7.199211045364892,146
v2,0.5,2023-08,7.347140039447732,149
v2,0.5,2023-09,3.353057199211045,68
v2,0.5,2023-10,79.43786982248521,1611
v2,0.5,2023-11,6.903353057199212,140
v2,0.5,2023-12,2.2189349112426036,45
v2,0.5,2024-01,79.33925049309664,1609
v2,0.5,2024-02,17.60355029585799,357
v2,0.5,2024-03,0.14792899408284024,3
v2,0.5,2024-04,2.9585798816568047,60
v2,0.5,2024-05,9.664694280078894,196
v2,0.5,2024-06,4.980276134122287,101
v2,0.5,2024-07,6.952662721893491,141
v2,0.5,2024-08,1.3313609467455623,27
v2,0.5,2024-09,0.591715976331361,12
v2,0.5,2024-10,97.09072978303747,1969
v2,0.5,2024-11,0.0,0
v2,0.5,2024-12,0.0,0
v2,1.0,2023-01,0.0,0
v2,1.0,2023-02,0.0,0
v2,1.0,2023-03,0.0,0
v2,1.0,2023-04,0.0,0
v2,1.0,2023-05,0.4437869822485207,9
v2,1.0,2023-06,1.183431952662722,24
v2,1.0,2023-07,0.7396449704142012,15
v2,1.0,2023-08,3.599605522682446,73
v2,1.0,2023-09,2.021696252465483,41
v2,1.0,2023-10,50.54240631163708,1025
v2,1.0,2023-11,0.4437869822485207,9
v2,1.0,2023-12,0.7396449704142012,15
v2,1.0,2024-01,63.70808678500987,1292
v2,1.0,2024-02,12.1301775147929,246
v2,1.0,2024-03,0.04930966469428008,1
v2,1.0,2024-04,0.8875739644970414,18
v2,1.0,2024-05,5.522682445759369,112
v2,1.0,2024-06,2.514792899408284,51
v2,1.0,2024-07,2.4161735700197235,49
v2,1.0,2024-08,1.3313609467455623,27
v2,1.0,2024-09,0.2465483234714004,5
v2,1.0,2024-10,85.84812623274162,1741
v2,1.0,2024-11,0.0,0
v2,1.0,2024-12,0.0,0
v2,1.5,2023-01,0.0,0
v2,1.5,2023-02,0.0,0
v2,1.5,2023-03,0.0,0
v2,1.5,2023-04,0.0,0
v2,1.5,2023-05,0.04930966469428008,1
v2,1.5,2023-06,0.09861932938856016,2
v2,1.5,2023-07,0.09861932938856016,2
v2,1.5,2023-08,0.9368836291913214,19
v2,1.5,2023-09,0.39447731755424065,8
v2,1.5,2023-10,9.467455621301776,192
v2,1.5,2023-11,0.09861932938856016,2
v2,1.5,2023-12,0.19723865877712032,4
v2,1.5,2024-01,17.99802761341223,365
v2,1.5,2024-02,2.1696252465483234,44
v2,1.5,2024-03,0.0,0
v2,1.5,2024-04,0.2958579881656805,6
v2,1.5,2024-05,0.7396449704142012,15
v2,1.5,2024-06,0.4437869822485207,9
v2,1.5,2024-07,0.2958579881656805,6
v2,1.5,2024-08,0.591715976331361,12
v2,1.5,2024-09,0.09861932938856016,2
v2,1.5,2024-10,50.4930966469428,1024
v2,1.5,2024-11,0.0,0
v2,1.5,2024-12,0.0,0
v2,2.0,2023-01,0.0,0
v2,2.0,2023-02,0.0,0
v2,2.0,2023-03,0.0,0
v2,2.0,2023-04,0.0,0
v2,2.0,2023-05,0.0,0
v2,2.0,2023-06,0.04930966469428008,1
v2,2.0,2023-07,0.04930966469428008,1
v2,2.0,2023-08,0.14792899408284024,3
v2,2.0,2023-09,0.09861932938856016,2
v2,2.0,2023-10,0.7396449704142012,15
v2,2.0,2023-11,0.0,0
v2,2.0,2023-12,0.0,0
v2,2.0,2024-01,1.0355029585798818,21
v2,2.0,2024-02,0.4930966469428008,10
v2,2.0,2024-03,0.0,0
v2,2.0,2024-04,0.09861932938856016,2
v2,2.0,2024-05,0.04930966469428008,1
v2,2.0,2024-06,0.0,0
v2,2.0,2024-07,0.04930966469428008,1
v2,2.0,2024-08,0.09861932938856016,2
v2,2.0,2024-09,0.0,0
v2,2.0,2024-10,15.877712031558186,322
v2,2.0,2024-11,0.0,0
v2,2.0,2024-12,0.0,0
v2,3.0,2023-01,0.0,0
v2,3.0,2023-02,0.0,0
v2,3.0,2023-03,0.0,0
v2,3.0,2023-04,0.0,0
v2,3.0,2023-05,0.0,0
v2,3.0,2023-06,0.0,0
v2,3.0,2023-07,0.0,0
v2,3.0,2023-08,0.04930966469428008,1
v2,3.0,2023-09,0.0,0
v2,3.0,2023-10,0.04930966469428008,1
v2,3.0,2023-11,0.0,0
v2,3.0,2023-12,0.0,0
v2,3.0,2024-01,0.04930966469428008,1
v2,3.0,2024-02,0.14792899408284024,3
v2,3.0,2024-03,0.0,0
v2,3.0,2024-04,0.0,0
v2,3.0,2024-05,0.0,0
v2,3.0,2024-06,0.0,0
v2,3.0,2024-07,0.0,0
v2,3.0,2024-08,0.0,0
v2,3.0,2024-09,0.0,0
v2,3.0,2024-10,1.232741617357002,25
v2,3.0,2024-11,0.0,0
v2,3.0,2024-12,0.0,0
v2,5.0,2023-01,0.0,0
v2,5.0,2023-02,0.0,0
v2,5.0,2023-03,0.0,0
v2,5.0,2023-04,0.0,0
v2,5.0,2023-05,0.0,0
v2,5.0,2023-06,0.0,0
v2,5.0,2023-07,0.0,0
v2,5.0,2023-08,0.0,0
v2,5.0,2023-09,0.0,0
v2,5.0,2023-10,0.0,0
v2,5.0,2023-11,0.0,0
v2,5.0,2023-12,0.0,0
v2,5.0,2024-01,0.0,0
v2,5.0,2024-02,0.0,0
v2,5.0,2024-03,0.0,0
v2,5.0,2024-04,0.0,0
v2,5.0,2024-05,0.0,0
v2,5.0,2024-06,0.0,0
v2,5.0,2024-07,0.0,0
v2,5.0,2024-08,0.0,0
v2,5.0,2024-09,0.0,0
v2,5.0,2024-10,0.09861932938856016,2
v2,5.0,2024-11,0.0,0
v2,5.0,2024-12,0.0,0
