protocol,penalty,month,share,n_signals,n_failed
v2,0.5,2023-01,0.0,0,0
v2,0.5,2023-02,0.0,0,0
v2,0.5,2023-03,0.0,0,0
v2,0.5,2023-04,0.0,0,0
v2,0.5,2023-05,0.0,0,0
v2,0.5,2023-06,0.0,0,0
v2,0.5,2023-07,0.0,0,0
v2,0.5,2023-08,0.0,0,0
v2,0.5,2023-09,54.930966469428014,1114,0
v2,0.5,2023-10,15.680473372781064,318,0
v2,0.5,2023-11,5.374753451676528,109,0
v2,0.5,2023-12,23.668639053254438,480,0
v2,0.5,2024-01,0.14792899408284024,3,0
v2,0.5,2024-02,0.0,0,0
v2,0.5,2024-03,0.7396449704142012,15,0
v2,0.5,2024-04,7.6923076923076925,156,0
v2,0.5,2024-05,0.0,0,0
v2,0.5,2024-06,0.09861932938856016,2,0
v2,0.5,2024-07,0.14792899408284024,3,0
v2,0.5,2024-08,6.508875739644971,132,0
v2,0.5,2024-09,5.867850098619329,119,0
v2,0.5,2024-10,1.7751479289940828,36,0
v2,0.5,2024-11,1.7751479289940828,36,0
v2,0.5,2024-12,77.9585798816568,1581,0
v2,1.0,2023-01,0.0,0,0
v2,1.0,2023-02,0.0,0,0
v2,1.0,2023-03,0.0,0,0
v2,1.0,2023-04,0.0,0,0
v2,1.0,2023-05,0.0,0,0
v2,1.0,2023-06,0.0,0,0
v2,1.0,2023-07,0.0,0,0
v2,1.0,2023-08,0.0,0,0
v2,1.0,2023-09,30.57199211045365,620,0
v2,1.0,2023-10,14.447731755424062,293,0
v2,1.0,2023-11,6.11439842209073,124,0
v2,1.0,2023-12,46.696252465483234,947,0
v2,1.0,2024-01,0.19723865877712032,4,0
v2,1.0,2024-02,0.04930966469428008,1,0
v2,1.0,2024-03,1.3313609467455623,27,0
v2,1.0,2024-04,41.370808678500985,839,0
v2,1.0,2024-05,1.7751479289940828,36,0
v2,1.0,2024-06,0.2465483234714004,5,0
v2,1.0,2024-07,0.04930966469428008,1,0
v2,1.0,2024-08,1.8737672583826428,38,0
v2,1.0,2024-09,5.769230769230769,117,0
v2,1.0,2024-10,2.4161735700197235,49,0
v2,1.0,2024-11,2.1203155818540433,43,0
v2,1.0,2024-12,79.53648915187377,1613,0
v2,1.5,2023-01,0.0,0,0
v2,1.5,2023-02,0.0,0,0
v2,1.5,2023-03,0.0,0,0
v2,1.5,2023-04,0.0,0,0
v2,1.5,2023-05,0.0,0,0
v2,1.5,2023-06,0.0,0,0
v2,1.5,2023-07,0.0,0,0
v2,1.5,2023-08,0.0,0,0
v2,1.5,2023-09,13.560157790927022,275,0
v2,1.5,2023-10,11.982248520710058,243,0
v2,1.5,2023-11,4.585798816568047,93,0
v2,1.5,2023-12,57.79092702169625,1172,0
v2,1.5,2024-01,0.09861932938856016,2,0
v2,1.5,2024-02,0.04930966469428008,1,0
v2,1.5,2024-03,0.7396449704142012,15,0
v2,1.5,2024-04,8.826429980276135,179,0
v2,1.5,2024-05,1.0355029585798818,21,0
v2,1.5,2024-06,0.2465483234714004,5,0
v2,1.5,2024-07,0.04930966469428008,1,0
v2,1.5,2024-08,0.19723865877712032,4,0
v2,1.5,2024-09,1.3806706114398422,28,0
v2,1.5,2024-10,1.5285996055226825,31,0
v2,1.5,2024-11,1.282051282051282,26,0
v2,1.5,2024-12,49.7534516765286,1009,0
v2,2.0,2023-01,0.0,0,0
v2,2.0,2023-02,0.0,0,0
v2,2.0,2023-03,0.0,0,0
v2,2.0,2023-04,0.0,0,0
v2,2.0,2023-05,0.0,0,0
v2,2.0,2023-06,0.0,0,0
v2,2.0,2023-07,0.0,0,0
v2,2.0,2023-08,0.0,0,0
v2,2.0,2023-09,5.029585798816568,102,0
v2,2.0,2023-10,7.938856015779093,161,0
v2,2.0,2023-11,3.599605522682446,73,0
v2,2.0,2023-12,45.90729783037475,931,0
v2,2.0,2024-01,0.04930966469428008,1,0
v2,2.0,2024-02,0.0,0,0
v2,2.0,2024-03,0.34516765285996054,7,0
v2,2.0,2024-04,2.4161735700197235,49,0
v2,2.0,2024-05,0.14792899408284024,3,0
v2,2.0,2024-06,0.14792899408284024,3,0
v2,2.0,2024-07,0.04930966469428008,1,0
v2,2.0,2024-08,0.14792899408284024,3,0
v2,2.0,2024-09,0.14792899408284024,3,0
v2,2.0,2024-10,0.7396449704142012,15,0
v2,2.0,2024-11,1.0355029585798818,21,0
v2,2.0,2024-12,15.828402366863905,321,0
v2,3.0,2023-01,0.0,0,0
v2,3.0,2023-02,0.0,0,0
v2,3.0,2023-03,0.0,0,0
v2,3.0,2023-04,0.0,0,0
v2,3.0,2023-05,0.0,0,0
v2,3.0,2023-06,0.0,0,0
v2,3.0,2023-07,0.0,0,0
v2,3.0,2023-08,0.0,0,0
v2,3.0,2023-09,0.39447731755424065,8,0
v2,3.0,2023-10,3.205128205128205,65,0
v2,3.0,2023-11,1.4299802761341223,29,0
v2,3.0,2023-12,9.566074950690336,194,0
v2,3.0,2024-01,0.0,0,0
v2,3.0,2024-02,0.0,0,0
v2,3.0,2024-03,0.0,0,0
v2,3.0,2024-04,0.19723865877712032,4,0
v2,3.0,2024-05,0.0,0,0
v2,3.0,2024-06,0.04930966469428008,1,0
v2,3.0,2024-07,0.0,0,0
v2,3.0,2024-08,0.04930966469428008,1,0
v2,3.0,2024-09,0.0,0,0
v2,3.0,2024-10,0.09861932938856016,2,0
v2,3.0,2024-11,0.2465483234714004,5,0
v2,3.0,2024-12,1.232741617357002,25,0
v2,5.0,2023-01,0.0,0,0
v2,5.0,2023-02,0.0,0,0
v2,5.0,2023-03,0.0,0,0
v2,5.0,2023-04,0.0,0,0
v2,5.0,2023-05,0.0,0,0
v2,5.0,2023-06,0.0,0,0
v2,5.0,2023-07,0.0,0,0
v2,5.0,2023-08,0.0,0,0
v2,5.0,2023-09,0.0,0,0
v2,5.0,2023-10,0.591715976331361,12,0
v2,5.0,2023-11,0.04930966469428008,1,0
v2,5.0,2023-12,0.04930966469428008,1,0
v2,5.0,2024-01,0.0,0,0
v2,5.0,2024-02,0.0,0,0
v2,5.0,2024-03,0.0,0,0
v2,5.0,2024-04,0.0,0,0
v2,5.0,2024-05,0.0,0,0
v2,5.0,2024-06,0.0,0,0
v2,5.0,2024-07,0.0,0,0
v2,5.0,2024-08,0.0,0,0
v2,5.0,2024-09,0.0,0,0
v2,5.0,2024-10,0.0,0,0
v2,5.0,2024-11,0.0,0,0
v2,5.0,2024-12,0.09861932938856016,2,0
