protocol,penalty,selected,month,event,share,rank,n_months,background_median,ratio_to_background
v2,0.5,False,2023-09,,54.930966469428014,2.0,16,5.374753451676528,10.220183486238534
v2,0.5,False,2023-10,2023-10,15.680473372781064,4.0,16,5.374753451676528,2.9174311926605503
v2,0.5,False,2023-11,,5.374753451676528,8.0,16,5.374753451676528,1.0
v2,0.5,False,2023-12,,23.668639053254438,3.0,16,5.374753451676528,4.4036697247706424
v2,0.5,False,2024-01,2024-01,0.14792899408284024,12.5,16,5.374753451676528,0.027522935779816515
v2,0.5,False,2024-02,,0.0,15.5,16,5.374753451676528,0.0
v2,0.5,False,2024-03,,0.7396449704142012,11.0,16,5.374753451676528,0.13761467889908258
v2,0.5,False,2024-04,,7.6923076923076925,5.0,16,5.374753451676528,1.4311926605504588
v2,0.5,False,2024-05,,0.0,15.5,16,5.374753451676528,0.0
v2,0.5,False,2024-06,,0.09861932938856016,14.0,16,5.374753451676528,0.01834862385321101
v2,0.5,False,2024-07,,0.14792899408284024,12.5,16,5.374753451676528,0.027522935779816515
v2,0.5,False,2024-08,,6.508875739644971,6.0,16,5.374753451676528,1.2110091743119267
v2,0.5,False,2024-09,,5.867850098619329,7.0,16,5.374753451676528,1.0917431192660552
v2,0.5,False,2024-10,2024-10,1.7751479289940828,9.5,16,5.374753451676528,0.3302752293577982
v2,0.5,False,2024-11,,1.7751479289940828,9.5,16,5.374753451676528,0.3302752293577982
v2,0.5,False,2024-12,,77.9585798816568,1.0,16,5.374753451676528,14.504587155963304
v2,1.0,False,2023-09,,30.57199211045365,4.0,16,2.1203155818540433,14.418604651162791
v2,1.0,False,2023-10,2023-10,14.447731755424062,5.0,16,2.1203155818540433,6.813953488372093
v2,1.0,False,2023-11,,6.11439842209073,6.0,16,2.1203155818540433,2.8837209302325584
v2,1.0,False,2023-12,,46.696252465483234,2.0,16,2.1203155818540433,22.023255813953487
v2,1.0,False,2024-01,2024-01,0.19723865877712032,14.0,16,2.1203155818540433,0.0930232558139535
v2,1.0,False,2024-02,,0.04930966469428008,15.5,16,2.1203155818540433,0.023255813953488375
v2,1.0,False,2024-03,,1.3313609467455623,12.0,16,2.1203155818540433,0.6279069767441862
v2,1.0,False,2024-04,,41.370808678500985,3.0,16,2.1203155818540433,19.511627906976745
v2,1.0,False,2024-05,,1.7751479289940828,11.0,16,2.1203155818540433,0.8372093023255814
v2,1.0,False,2024-06,,0.2465483234714004,13.0,16,2.1203155818540433,0.11627906976744187
v2,1.0,False,2024-07,,0.04930966469428008,15.5,16,2.1203155818540433,0.023255813953488375
v2,1.0,False,2024-08,,1.8737672583826428,10.0,16,2.1203155818540433,0.883720930232558
v2,1.0,False,2024-09,,5.769230769230769,7.0,16,2.1203155818540433,2.7209302325581395
v2,1.0,False,2024-10,2024-10,2.4161735700197235,8.0,16,2.1203155818540433,1.13953488372093
v2,1.0,False,2024-11,,2.1203155818540433,9.0,16,2.1203155818540433,1.0
v2,1.0,False,2024-12,,79.53648915187377,1.0,16,2.1203155818540433,37.51162790697674
v2,1.5,False,2023-09,,13.560157790927022,3.0,16,1.282051282051282,10.576923076923078
v2,1.5,False,2023-10,2023-10,11.982248520710058,4.0,16,1.282051282051282,9.346153846153847
v2,1.5,False,2023-11,,4.585798816568047,6.0,16,1.282051282051282,3.5769230769230775
v2,1.5,False,2023-12,,57.79092702169625,1.0,16,1.282051282051282,45.07692307692308
v2,1.5,False,2024-01,2024-01,0.09861932938856016,14.0,16,1.282051282051282,0.07692307692307693
v2,1.5,False,2024-02,,0.04930966469428008,15.5,16,1.282051282051282,0.038461538461538464
v2,1.5,False,2024-03,,0.7396449704142012,11.0,16,1.282051282051282,0.576923076923077
v2,1.5,False,2024-04,,8.826429980276135,5.0,16,1.282051282051282,6.884615384615386
v2,1.5,False,2024-05,,1.0355029585798818,10.0,16,1.282051282051282,0.8076923076923079
v2,1.5,False,2024-06,,0.2465483234714004,12.0,16,1.282051282051282,0.19230769230769235
v2,1.5,False,2024-07,,0.04930966469428008,15.5,16,1.282051282051282,0.038461538461538464
v2,1.5,False,2024-08,,0.19723865877712032,13.0,16,1.282051282051282,0.15384615384615385
v2,1.5,False,2024-09,,1.3806706114398422,8.0,16,1.282051282051282,1.0769230769230769
v2,1.5,False,2024-10,2024-10,1.5285996055226825,7.0,16,1.282051282051282,1.1923076923076925
v2,1.5,False,2024-11,,1.282051282051282,9.0,16,1.282051282051282,1.0
v2,1.5,False,2024-12,,49.7534516765286,2.0,16,1.282051282051282,38.807692307692314
v2,2.0,False,2023-09,,5.029585798816568,4.0,16,0.34516765285996054,14.571428571428573
v2,2.0,False,2023-10,2023-10,7.938856015779093,3.0,16,0.34516765285996054,23.000000000000004
v2,2.0,False,2023-11,,3.599605522682446,5.0,16,0.34516765285996054,10.42857142857143
v2,2.0,False,2023-12,,45.90729783037475,1.0,16,0.34516765285996054,133.0
v2,2.0,False,2024-01,2024-01,0.04930966469428008,14.5,16,0.34516765285996054,0.14285714285714288
v2,2.0,False,2024-02,,0.0,16.0,16,0.34516765285996054,0.0
v2,2.0,False,2024-03,,0.34516765285996054,9.0,16,0.34516765285996054,1.0
v2,2.0,False,2024-04,,2.4161735700197235,6.0,16,0.34516765285996054,6.999999999999999
v2,2.0,False,2024-05,,0.14792899408284024,11.5,16,0.34516765285996054,0.4285714285714286
v2,2.0,False,2024-06,,0.14792899408284024,11.5,16,0.34516765285996054,0.4285714285714286
v2,2.0,False,2024-07,,0.04930966469428008,14.5,16,0.34516765285996054,0.14285714285714288
v2,2.0,False,2024-08,,0.14792899408284024,11.5,16,0.34516765285996054,0.4285714285714286
v2,2.0,False,2024-09,,0.14792899408284024,11.5,16,0.34516765285996054,0.4285714285714286
v2,2.0,False,2024-10,2024-10,0.7396449704142012,8.0,16,0.34516765285996054,2.142857142857143
v2,2.0,False,2024-11,,1.0355029585798818,7.0,16,0.34516765285996054,3.0000000000000004
v2,2.0,False,2024-12,,15.828402366863905,2.0,16,0.34516765285996054,45.85714285714286
v2,3.0,False,2023-09,,0.39447731755424065,5.0,16,0.04930966469428008,8.0
v2,3.0,False,2023-10,2023-10,3.205128205128205,2.0,16,0.04930966469428008,64.99999999999999
v2,3.0,False,2023-11,,1.4299802761341223,3.0,16,0.04930966469428008,29.0
v2,3.0,False,2023-12,,9.566074950690336,1.0,16,0.04930966469428008,194.0
v2,3.0,False,2024-01,2024-01,0.0,13.5,16,0.04930966469428008,0.0
v2,3.0,False,2024-02,,0.0,13.5,16,0.04930966469428008,0.0
v2,3.0,False,2024-03,,0.0,13.5,16,0.04930966469428008,0.0
v2,3.0,False,2024-04,,0.19723865877712032,7.0,16,0.04930966469428008,4.0
v2,3.0,False,2024-05,,0.0,13.5,16,0.04930966469428008,0.0
v2,3.0,False,2024-06,,0.04930966469428008,9.5,16,0.04930966469428008,1.0
v2,3.0,False,2024-07,,0.0,13.5,16,0.04930966469428008,0.0
v2,3.0,False,2024-08,,0.04930966469428008,9.5,16,0.04930966469428008,1.0
v2,3.0,False,2024-09,,0.0,13.5,16,0.04930966469428008,0.0
v2,3.0,False,2024-10,2024-10,0.09861932938856016,8.0,16,0.04930966469428008,2.0
v2,3.0,False,2024-11,,0.2465483234714004,6.0,16,0.04930966469428008,5.0
v2,3.0,False,2024-12,,1.232741617357002,4.0,16,0.04930966469428008,25.0
v2,5.0,True,2023-09,,0.0,10.5,16,0.0,
v2,5.0,True,2023-10,2023-10,0.591715976331361,1.0,16,0.0,
v2,5.0,True,2023-11,,0.04930966469428008,3.5,16,0.0,
v2,5.0,True,2023-12,,0.04930966469428008,3.5,16,0.0,
v2,5.0,True,2024-01,2024-01,0.0,10.5,16,0.0,
v2,5.0,True,2024-02,,0.0,10.5,16,0.0,
v2,5.0,True,2024-03,,0.0,10.5,16,0.0,
v2,5.0,True,2024-04,,0.0,10.5,16,0.0,
v2,5.0,True,2024-05,,0.0,10.5,16,0.0,
v2,5.0,True,2024-06,,0.0,10.5,16,0.0,
v2,5.0,True,2024-07,,0.0,10.5,16,0.0,
v2,5.0,True,2024-08,,0.0,10.5,16,0.0,
v2,5.0,True,2024-09,,0.0,10.5,16,0.0,
v2,5.0,True,2024-10,2024-10,0.0,10.5,16,0.0,
v2,5.0,True,2024-11,,0.0,10.5,16,0.0,
v2,5.0,True,2024-12,,0.09861932938856016,2.0,16,0.0,
