protocol,penalty,selected,event,crossed_month,delay,max_share,share_in_window
v2,0.5,False,2023-10,,,23.668639053254438,44.72386587771203
v2,0.5,False,2024-01,,,7.6923076923076925,19.773175542406314
v2,0.5,False,2024-10,2024-12,2,77.9585798816568,81.50887573964496
v2,1.0,False,2023-10,,,46.696252465483234,67.25838264299803
v2,1.0,False,2024-01,,,41.370808678500985,47.38658777120315
v2,1.0,False,2024-10,2024-12,2,79.53648915187377,84.07297830374753
v2,1.5,False,2023-10,2023-12,2,57.79092702169625,74.35897435897436
v2,1.5,False,2024-01,,,8.826429980276135,11.538461538461538
v2,1.5,False,2024-10,,,49.7534516765286,52.56410256410257
v2,2.0,False,2023-10,,,45.90729783037475,57.44575936883629
v2,2.0,False,2024-01,,,2.4161735700197235,3.205128205128205
v2,2.0,False,2024-10,,,15.828402366863905,17.60355029585799
v2,3.0,False,2023-10,,,9.566074950690336,14.201183431952662
v2,3.0,False,2024-01,,,0.19723865877712032,0.2958579881656805
v2,3.0,False,2024-10,,,1.232741617357002,1.5779092702169626
v2,5.0,True,2023-10,,,0.591715976331361,0.6903353057199211
v2,5.0,True,2024-01,,,0.0,0.0
v2,5.0,True,2024-10,,,0.09861932938856016,0.09861932938856016
