protocol,detector,mode,penalty,position,"обнаружено, %","задержка, медиана","задержка, среднее","доля с задержкой 0, %","ложных на чистых, %",J Юдена,n испорченных,n чистых,n_failed,n late,n twin-vetoed
v2,binseg,ratio,5.0,8,9.444444444444445,3.0,2.9215686274509802,0.0,0.0,9.444444444444445,540,60,0,11,0
v2,pelt,ratio,5.0,8,9.444444444444445,3.0,2.9215686274509802,0.0,0.0,9.444444444444445,540,60,0,11,0
v2,bottomup,ratio,5.0,8,9.074074074074074,3.0,3.0,0.0,0.0,9.074074074074074,540,60,0,10,0
v2,kernel_rbf,ratio,5.0,8,1.2962962962962963,3.0,2.857142857142857,0.0,0.0,1.2962962962962963,540,60,0,21,0
v2,window,ratio,5.0,8,0.0,,,,0.0,0.0,540,60,0,7,0
v2,bottomup,raw,5.0,8,52.22222222222223,2.0,2.372340425531915,0.0,53.333333333333336,-1.1111111111111072,540,60,0,123,51
v2,binseg,raw,5.0,8,57.03703703703704,1.0,1.4772727272727273,19.805194805194805,66.66666666666666,-9.629629629629619,540,60,0,128,74
v2,pelt,raw,5.0,8,57.03703703703704,1.0,1.4772727272727273,19.805194805194805,66.66666666666666,-9.629629629629619,540,60,0,128,74
v2,cusum,ratio,,8,36.2962962962963,1.0,1.1887755102040816,41.3265306122449,58.333333333333336,-22.037037037037038,540,60,0,80,85
v2,bottomup,deseason,5.0,8,52.59259259259259,2.0,2.408450704225352,0.0,76.66666666666667,-24.074074074074083,540,60,0,169,38
v2,cusum,deseason,,8,70.55555555555556,1.0,1.1601049868766404,42.25721784776903,100.0,-29.444444444444443,540,60,0,39,120
v2,binseg,deseason,5.0,8,58.7037037037037,1.0,1.6876971608832807,13.880126182965299,90.0,-31.296296296296298,540,60,0,168,32
v2,pelt,deseason,5.0,8,58.7037037037037,1.0,1.6876971608832807,13.880126182965299,90.0,-31.296296296296298,540,60,0,168,32
v2,kernel_rbf,deseason,5.0,8,23.333333333333332,2.0,2.0952380952380953,0.7936507936507936,55.00000000000001,-31.666666666666675,540,60,0,264,1
v2,window,raw,5.0,8,39.81481481481482,1.0,1.5209302325581395,0.0,73.33333333333333,-33.51851851851851,540,60,0,245,22
v2,cusum,raw,,8,64.25925925925927,1.0,0.8645533141210374,49.279538904899134,100.0,-35.74074074074073,540,60,0,22,171
v2,kernel_rbf,raw,5.0,8,23.14814814814815,2.0,2.048,1.6,66.66666666666666,-43.518518518518505,540,60,0,161,0
v2,window,deseason,5.0,8,34.629629629629626,2.0,1.641711229946524,0.0,90.0,-55.370370370370374,540,60,0,297,3
v2,binseg,ratio,5.0,14,5.9259259259259265,1.0,1.375,18.75,0.0,5.9259259259259265,540,60,0,25,0
v2,pelt,ratio,5.0,14,5.9259259259259265,1.0,1.375,18.75,0.0,5.9259259259259265,540,60,0,25,0
v2,kernel_rbf,ratio,5.0,14,3.7037037037037033,0.0,1.05,65.0,0.0,3.7037037037037033,540,60,0,9,0
v2,window,ratio,5.0,14,1.4814814814814816,1.5,1.625,0.0,0.0,1.4814814814814816,540,60,0,6,0
v2,bottomup,ratio,5.0,14,1.2962962962962963,1.0,1.4285714285714286,0.0,0.0,1.2962962962962963,540,60,0,17,0
v2,binseg,raw,5.0,14,41.11111111111111,2.0,1.5855855855855856,11.711711711711711,66.66666666666666,-25.55555555555555,540,60,0,28,75
v2,pelt,raw,5.0,14,41.11111111111111,2.0,1.5855855855855856,11.711711711711711,66.66666666666666,-25.55555555555555,540,60,0,29,75
v2,kernel_rbf,deseason,5.0,14,28.888888888888886,2.0,2.3974358974358974,0.641025641025641,55.00000000000001,-26.11111111111112,540,60,0,91,88
v2,window,raw,5.0,14,43.888888888888886,2.0,2.219409282700422,2.109704641350211,73.33333333333333,-29.444444444444443,540,60,0,87,125
v2,kernel_rbf,raw,5.0,14,29.259259259259256,2.0,2.170886075949367,0.0,66.66666666666666,-37.407407407407405,540,60,0,86,163
v2,cusum,ratio,,14,15.37037037037037,0.0,0.6867469879518072,62.65060240963856,58.333333333333336,-42.96296296296296,540,60,0,36,0
v2,bottomup,raw,5.0,14,8.703703703703704,0.0,0.40425531914893614,59.57446808510638,53.333333333333336,-44.62962962962963,540,60,0,63,75
v2,binseg,deseason,5.0,14,20.555555555555554,1.0,1.3423423423423424,20.72072072072072,90.0,-69.44444444444444,540,60,0,14,62
v2,pelt,deseason,5.0,14,20.555555555555554,1.0,1.3423423423423424,20.72072072072072,90.0,-69.44444444444444,540,60,0,14,62
v2,bottomup,deseason,5.0,14,4.62962962962963,1.0,0.52,48.0,76.66666666666667,-72.03703703703704,540,60,0,25,93
v2,window,deseason,5.0,14,16.11111111111111,2.0,1.9770114942528736,13.793103448275861,90.0,-73.88888888888889,540,60,0,58,123
v2,cusum,deseason,,14,15.185185185185185,0.0,0.5975609756097561,58.536585365853654,100.0,-84.81481481481481,540,60,0,9,62
v2,cusum,raw,,14,8.703703703703704,1.0,1.0212765957446808,34.04255319148936,100.0,-91.29629629629629,540,60,0,7,27
v2,binseg,ratio,5.0,17,2.9629629629629632,2.0,1.9375,12.5,0.0,2.9629629629629632,540,60,0,64,0
v2,pelt,ratio,5.0,17,2.9629629629629632,2.0,1.9375,12.5,0.0,2.9629629629629632,540,60,0,64,0
v2,kernel_rbf,ratio,5.0,17,2.7777777777777777,3.0,2.8666666666666667,0.0,0.0,2.7777777777777777,540,60,0,11,0
v2,window,ratio,5.0,17,0.5555555555555556,1.0,1.3333333333333333,0.0,0.0,0.5555555555555556,540,60,0,39,0
v2,bottomup,ratio,5.0,17,0.0,,,,0.0,0.0,540,60,0,41,0
v2,bottomup,raw,5.0,17,18.88888888888889,3.0,3.0,0.0,53.333333333333336,-34.44444444444444,540,60,0,40,15
v2,kernel_rbf,deseason,5.0,17,16.296296296296298,2.0,1.8409090909090908,2.272727272727273,55.00000000000001,-38.70370370370371,540,60,0,43,70
v2,pelt,raw,5.0,17,22.22222222222222,1.0,1.0333333333333334,49.166666666666664,66.66666666666666,-44.444444444444436,540,60,0,22,24
v2,binseg,raw,5.0,17,22.037037037037038,1.0,1.0168067226890756,49.57983193277311,66.66666666666666,-44.62962962962962,540,60,0,21,24
v2,kernel_rbf,raw,5.0,17,21.85185185185185,2.0,2.2203389830508473,0.847457627118644,66.66666666666666,-44.81481481481481,540,60,0,29,84
v2,cusum,ratio,,17,11.11111111111111,0.0,0.8166666666666667,56.666666666666664,58.333333333333336,-47.22222222222223,540,60,0,42,2
v2,window,raw,5.0,17,22.407407407407405,1.0,1.7272727272727273,0.0,73.33333333333333,-50.925925925925924,540,60,0,35,169
v2,bottomup,deseason,5.0,17,5.9259259259259265,3.0,3.0,0.0,76.66666666666667,-70.74074074074075,540,60,0,31,6
v2,pelt,deseason,5.0,17,8.88888888888889,1.0,1.1666666666666667,35.41666666666667,90.0,-81.11111111111111,540,60,0,10,40
v2,binseg,deseason,5.0,17,8.703703703703704,1.0,1.127659574468085,36.17021276595745,90.0,-81.29629629629629,540,60,0,11,40
v2,window,deseason,5.0,17,5.555555555555555,2.0,2.1333333333333333,0.0,90.0,-84.44444444444444,540,60,0,14,79
v2,cusum,deseason,,17,4.2592592592592595,0.0,0.6086956521739131,52.17391304347826,100.0,-95.74074074074073,540,60,0,7,15
v2,cusum,raw,,17,2.5925925925925926,0.0,0.2857142857142857,71.42857142857143,100.0,-97.4074074074074,540,60,0,2,11
v2,binseg,ratio,5.0,20,37.22222222222222,3.0,2.681592039800995,2.4875621890547266,0.0,37.22222222222222,540,60,0,0,0
v2,pelt,ratio,5.0,20,37.22222222222222,3.0,2.681592039800995,2.4875621890547266,0.0,37.22222222222222,540,60,0,0,0
v2,bottomup,ratio,5.0,20,37.03703703703704,3.0,2.745,0.0,0.0,37.03703703703704,540,60,0,0,0
v2,window,ratio,5.0,20,13.148148148148147,3.0,2.8309859154929575,0.0,0.0,13.148148148148147,540,60,0,0,0
v2,kernel_rbf,ratio,5.0,20,10.925925925925926,3.0,3.0,0.0,0.0,10.925925925925926,540,60,0,0,0
v2,bottomup,raw,5.0,20,32.22222222222222,2.0,1.8275862068965518,20.689655172413794,53.333333333333336,-21.111111111111114,540,60,0,0,23
v2,cusum,ratio,,20,17.77777777777778,2.0,1.84375,16.666666666666664,58.333333333333336,-40.55555555555556,540,60,0,0,12
v2,kernel_rbf,deseason,5.0,20,13.333333333333334,2.0,2.25,0.0,55.00000000000001,-41.66666666666667,540,60,0,0,5
v2,pelt,raw,5.0,20,20.925925925925924,2.0,2.1327433628318584,8.849557522123893,66.66666666666666,-45.74074074074073,540,60,0,0,0
v2,binseg,raw,5.0,20,19.814814814814817,2.0,2.0934579439252334,9.345794392523365,66.66666666666666,-46.85185185185184,540,60,0,0,0
v2,window,raw,5.0,20,17.037037037037038,2.0,1.9782608695652173,0.0,73.33333333333333,-56.29629629629629,540,60,0,0,25
v2,kernel_rbf,raw,5.0,20,9.25925925925926,2.0,1.8,14.000000000000002,66.66666666666666,-57.4074074074074,540,60,0,0,0
v2,bottomup,deseason,5.0,20,15.555555555555555,1.0,1.5833333333333333,8.333333333333332,76.66666666666667,-61.111111111111114,540,60,0,0,9
v2,binseg,deseason,5.0,20,7.592592592592593,2.0,1.7560975609756098,9.75609756097561,90.0,-82.4074074074074,540,60,0,0,9
v2,pelt,deseason,5.0,20,7.592592592592593,2.0,1.7560975609756098,9.75609756097561,90.0,-82.4074074074074,540,60,0,0,9
v2,window,deseason,5.0,20,6.481481481481481,2.0,2.1714285714285713,0.0,90.0,-83.51851851851852,540,60,0,0,0
v2,cusum,deseason,,20,4.2592592592592595,0.0,0.2608695652173913,73.91304347826086,100.0,-95.74074074074073,540,60,0,0,3
v2,cusum,raw,,20,0.0,,,,100.0,-100.0,540,60,0,0,0
