protocol,detector,mode,penalty,magnitude,"обнаружено, %","задержка, медиана","задержка, среднее","доля с задержкой 0, %","ложных на чистых, %",J Юдена,n испорченных,n чистых,n_failed,n late,n twin-vetoed
v2,binseg,ratio,5.0,1.0,5.694444444444445,3.0,2.902439024390244,0.0,0.0,5.694444444444445,720,60,0,9,0
v2,pelt,ratio,5.0,1.0,5.694444444444445,3.0,2.902439024390244,0.0,0.0,5.694444444444445,720,60,0,9,0
v2,bottomup,ratio,5.0,1.0,5.416666666666667,3.0,3.0,0.0,0.0,5.416666666666667,720,60,0,8,0
v2,kernel_rbf,ratio,5.0,1.0,1.1111111111111112,0.0,0.25,87.5,0.0,1.1111111111111112,720,60,0,5,0
v2,window,ratio,5.0,1.0,0.0,,,,0.0,0.0,720,60,0,1,0
v2,bottomup,raw,5.0,1.0,16.944444444444446,3.0,2.4754098360655736,7.377049180327869,53.333333333333336,-36.388888888888886,720,60,0,82,62
v2,pelt,raw,5.0,1.0,25.13888888888889,2.0,1.6574585635359116,22.65193370165746,66.66666666666666,-41.52777777777777,720,60,0,79,65
v2,binseg,raw,5.0,1.0,24.583333333333332,2.0,1.6271186440677967,23.163841807909606,66.66666666666666,-42.08333333333333,720,60,0,77,65
v2,kernel_rbf,deseason,5.0,1.0,9.722222222222223,2.0,2.2142857142857144,2.857142857142857,55.00000000000001,-45.277777777777786,720,60,0,147,67
v2,window,raw,5.0,1.0,22.22222222222222,2.0,1.9625,1.25,73.33333333333333,-51.11111111111111,720,60,0,150,129
v2,cusum,ratio,,1.0,6.805555555555555,3.0,2.0816326530612246,14.285714285714285,58.333333333333336,-51.52777777777778,720,60,0,61,42
v2,kernel_rbf,raw,5.0,1.0,13.472222222222221,2.0,2.1237113402061856,5.154639175257731,66.66666666666666,-53.194444444444436,720,60,0,83,103
v2,bottomup,deseason,5.0,1.0,12.777777777777777,2.0,2.3043478260869565,4.3478260869565215,76.66666666666667,-63.88888888888889,720,60,0,101,52
v2,binseg,deseason,5.0,1.0,18.194444444444443,2.0,1.5877862595419847,25.954198473282442,90.0,-71.80555555555556,720,60,0,95,53
v2,pelt,deseason,5.0,1.0,18.194444444444443,2.0,1.5877862595419847,25.954198473282442,90.0,-71.80555555555556,720,60,0,95,53
v2,window,deseason,5.0,1.0,10.416666666666668,1.0,1.64,5.333333333333334,90.0,-79.58333333333333,720,60,0,148,74
v2,cusum,deseason,,1.0,18.47222222222222,1.0,1.4511278195488722,28.57142857142857,100.0,-81.52777777777777,720,60,0,36,85
v2,cusum,raw,,1.0,15.277777777777779,1.0,1.1636363636363636,34.54545454545455,100.0,-84.72222222222223,720,60,0,20,86
v2,binseg,ratio,5.0,2.0,13.194444444444445,3.0,2.8,1.0526315789473684,0.0,13.194444444444445,720,60,0,20,0
v2,pelt,ratio,5.0,2.0,13.194444444444445,3.0,2.8,1.0526315789473684,0.0,13.194444444444445,720,60,0,20,0
v2,bottomup,ratio,5.0,2.0,12.222222222222221,3.0,2.9318181818181817,0.0,0.0,12.222222222222221,720,60,0,17,0
v2,kernel_rbf,ratio,5.0,2.0,2.2222222222222223,3.0,2.25,25.0,0.0,2.2222222222222223,720,60,0,11,0
v2,window,ratio,5.0,2.0,1.25,3.0,2.4444444444444446,0.0,0.0,1.25,720,60,0,2,0
v2,bottomup,raw,5.0,2.0,29.305555555555557,2.0,2.2464454976303316,9.95260663507109,53.333333333333336,-24.02777777777778,720,60,0,76,55
v2,pelt,raw,5.0,2.0,36.25,2.0,1.5900383141762453,22.22222222222222,66.66666666666666,-30.416666666666657,720,60,0,65,60
v2,binseg,raw,5.0,2.0,36.11111111111111,2.0,1.5846153846153845,22.30769230769231,66.66666666666666,-30.55555555555555,720,60,0,65,60
v2,kernel_rbf,deseason,5.0,2.0,22.916666666666664,2.0,2.1575757575757577,0.6060606060606061,55.00000000000001,-32.08333333333334,720,60,0,121,51
v2,cusum,ratio,,2.0,18.47222222222222,1.0,1.5263157894736843,26.31578947368421,58.333333333333336,-39.861111111111114,720,60,0,50,34
v2,window,raw,5.0,2.0,32.5,2.0,1.8846153846153846,0.8547008547008548,73.33333333333333,-40.83333333333333,720,60,0,119,112
v2,kernel_rbf,raw,5.0,2.0,22.77777777777778,2.0,2.0853658536585367,2.4390243902439024,66.66666666666666,-43.88888888888888,720,60,0,76,80
v2,bottomup,deseason,5.0,2.0,20.555555555555554,2.0,2.1824324324324325,3.3783783783783785,76.66666666666667,-56.111111111111114,720,60,0,78,46
v2,pelt,deseason,5.0,2.0,25.0,1.0,1.5722222222222222,16.666666666666664,90.0,-65.0,720,60,0,65,47
v2,binseg,deseason,5.0,2.0,24.86111111111111,1.0,1.5642458100558658,16.75977653631285,90.0,-65.13888888888889,720,60,0,66,47
v2,window,deseason,5.0,2.0,16.25,2.0,1.8376068376068375,3.418803418803419,90.0,-73.75,720,60,0,124,69
v2,cusum,deseason,,2.0,24.444444444444443,1.0,0.9829545454545454,46.02272727272727,100.0,-75.55555555555556,720,60,0,14,65
v2,cusum,raw,,2.0,19.305555555555557,1.0,0.8776978417266187,47.482014388489205,100.0,-80.69444444444444,720,60,0,10,67
v2,binseg,ratio,5.0,4.0,22.77777777777778,3.0,2.3048780487804876,7.317073170731707,0.0,22.77777777777778,720,60,0,71,0
v2,pelt,ratio,5.0,4.0,22.77777777777778,3.0,2.3048780487804876,7.317073170731707,0.0,22.77777777777778,720,60,0,71,0
v2,bottomup,ratio,5.0,4.0,17.916666666666668,3.0,2.565891472868217,0.0,0.0,17.916666666666668,720,60,0,43,0
v2,kernel_rbf,ratio,5.0,4.0,10.694444444444445,3.0,2.896103896103896,2.5974025974025974,0.0,10.694444444444445,720,60,0,25,0
v2,window,ratio,5.0,4.0,10.13888888888889,3.0,2.684931506849315,0.0,0.0,10.13888888888889,720,60,0,49,0
v2,bottomup,raw,5.0,4.0,37.77777777777778,2.0,1.9705882352941178,12.5,53.333333333333336,-15.555555555555557,720,60,0,68,47
v2,pelt,raw,5.0,4.0,44.583333333333336,1.0,1.4236760124610592,17.75700934579439,66.66666666666666,-22.08333333333332,720,60,0,35,48
v2,binseg,raw,5.0,4.0,44.30555555555556,1.0,1.4169278996865204,17.86833855799373,66.66666666666666,-22.3611111111111,720,60,0,35,48
v2,cusum,ratio,,4.0,35.138888888888886,0.0,0.83399209486166,55.73122529644269,58.333333333333336,-23.19444444444445,720,60,0,47,23
v2,kernel_rbf,deseason,5.0,4.0,28.749999999999996,2.0,2.178743961352657,0.4830917874396135,55.00000000000001,-26.25000000000001,720,60,0,130,46
v2,window,raw,5.0,4.0,37.638888888888886,2.0,1.8044280442804428,0.36900369003690037,73.33333333333333,-35.69444444444444,720,60,0,98,100
v2,kernel_rbf,raw,5.0,4.0,26.38888888888889,2.0,2.1210526315789475,0.5263157894736842,66.66666666666666,-40.27777777777777,720,60,0,117,64
v2,bottomup,deseason,5.0,4.0,25.694444444444443,2.0,2.1135135135135137,5.405405405405405,76.66666666666667,-50.97222222222223,720,60,0,46,48
v2,binseg,deseason,5.0,4.0,28.61111111111111,1.0,1.558252427184466,11.650485436893204,90.0,-61.388888888888886,720,60,0,32,43
v2,pelt,deseason,5.0,4.0,28.61111111111111,1.0,1.558252427184466,11.650485436893204,90.0,-61.388888888888886,720,60,0,32,43
v2,window,deseason,5.0,4.0,20.416666666666668,2.0,1.91156462585034,2.7210884353741496,90.0,-69.58333333333333,720,60,0,97,62
v2,cusum,deseason,,4.0,27.77777777777778,0.0,0.725,59.5,100.0,-72.22222222222223,720,60,0,5,50
v2,cusum,raw,,4.0,22.083333333333332,0.0,0.6415094339622641,58.490566037735846,100.0,-77.91666666666667,720,60,0,1,56
