protocol,detector,mode,penalty,"обнаружено, %","задержка, медиана","задержка, среднее","доля с задержкой 0, %","ложных на чистых, %",J Юдена,n испорченных,n чистых,n_failed,n late,n twin-vetoed
v2,binseg,ratio,5.0,13.88888888888889,3.0,2.5433333333333334,4.333333333333334,0.0,13.88888888888889,2160,60,0,100,0
v2,pelt,ratio,5.0,13.88888888888889,3.0,2.5433333333333334,4.333333333333334,0.0,13.88888888888889,2160,60,0,100,0
v2,bottomup,ratio,5.0,11.851851851851853,3.0,2.7578125,0.0,0.0,11.851851851851853,2160,60,0,68,0
v2,kernel_rbf,ratio,5.0,4.675925925925926,3.0,2.5841584158415842,12.871287128712872,0.0,4.675925925925926,2160,60,0,41,0
v2,window,ratio,5.0,3.7962962962962963,3.0,2.658536585365854,0.0,0.0,3.7962962962962963,2160,60,0,52,0
v2,window,ratio,2.0,13.564814814814815,2.0,2.15358361774744,1.023890784982935,11.666666666666666,1.8981481481481488,2160,60,0,203,18
v2,bottomup,ratio,3.0,18.10185185185185,3.0,2.544757033248082,0.0,16.666666666666664,1.435185185185187,2160,60,0,192,37
v2,window,ratio,3.0,7.5,2.0,2.228395061728395,0.0,6.666666666666667,0.833333333333333,2160,60,0,130,8
v2,binseg,ratio,3.0,24.90740740740741,3.0,2.176579925650558,9.851301115241636,26.666666666666668,-1.7592592592592595,2160,60,0,144,71
v2,pelt,ratio,3.0,24.90740740740741,3.0,2.176579925650558,9.851301115241636,26.666666666666668,-1.7592592592592595,2160,60,0,144,71
v2,kernel_rbf,ratio,3.0,13.055555555555557,3.0,2.2588652482269502,13.47517730496454,21.666666666666668,-8.61111111111111,2160,60,0,123,24
v2,window,ratio,1.5,15.601851851851853,2.0,2.0712166172106823,1.483679525222552,26.666666666666668,-11.064814814814815,2160,60,0,243,31
v2,bottomup,ratio,2.0,20.87962962962963,3.0,2.270509977827051,4.878048780487805,43.333333333333336,-22.453703703703706,2160,60,0,395,108
v2,bottomup,raw,5.0,28.009259259259263,2.0,2.168595041322314,10.578512396694215,53.333333333333336,-25.324074074074073,2160,60,0,226,164
v2,pelt,ratio,2.0,27.824074074074073,2.0,1.8136439267886855,17.13810316139767,56.666666666666664,-28.84259259259259,2160,60,0,165,132
v2,binseg,ratio,2.0,27.77777777777778,2.0,1.8116666666666668,17.166666666666668,56.666666666666664,-28.888888888888886,2160,60,0,160,131
v2,window,ratio,1.0,16.89814814814815,2.0,2.03013698630137,1.643835616438356,46.666666666666664,-29.768518518518515,2160,60,0,298,66
v2,pelt,raw,5.0,35.324074074074076,1.0,1.5360419397116645,20.445609436435124,66.66666666666666,-31.34259259259258,2160,60,0,179,173
v2,binseg,raw,5.0,35.0,1.0,1.5238095238095237,20.634920634920633,66.66666666666666,-31.666666666666657,2160,60,0,177,173
v2,kernel_rbf,deseason,5.0,20.462962962962962,2.0,2.176470588235294,0.904977375565611,55.00000000000001,-34.537037037037045,2160,60,0,398,164
v2,cusum,ratio,,20.13888888888889,1.0,1.186206896551724,42.06896551724138,58.333333333333336,-38.19444444444444,2160,60,0,158,99
v2,window,raw,5.0,30.787037037037035,2.0,1.8706766917293234,0.7518796992481203,73.33333333333333,-42.54629629629629,2160,60,0,367,341
v2,kernel_rbf,raw,5.0,20.87962962962963,2.0,2.108647450110865,2.2172949002217295,66.66666666666666,-45.787037037037024,2160,60,0,276,247
v2,bottomup,raw,3.0,25.787037037037035,2.0,2.104129263913824,10.59245960502693,73.33333333333333,-47.54629629629629,2160,60,0,193,188
v2,kernel_rbf,ratio,2.0,13.240740740740742,2.0,1.972027972027972,17.482517482517483,63.33333333333333,-50.09259259259259,2160,60,0,231,82
v2,kernel_rbf,deseason,3.0,25.27777777777778,2.0,2.13003663003663,4.029304029304029,78.33333333333333,-53.05555555555555,2160,60,0,313,228
v2,bottomup,deseason,5.0,19.675925925925927,2.0,2.1788235294117646,4.470588235294118,76.66666666666667,-56.99074074074075,2160,60,0,225,146
v2,pelt,raw,3.0,24.39814814814815,1.0,1.3548387096774193,35.483870967741936,88.33333333333333,-63.935185185185176,2160,60,0,92,262
v2,binseg,raw,3.0,23.796296296296298,1.0,1.3988326848249026,34.824902723735406,88.33333333333333,-64.53703703703704,2160,60,0,93,260
v2,window,ratio,0.5,14.398148148148149,2.0,2.080385852090032,0.0,80.0,-65.60185185185185,2160,60,0,343,118
v2,pelt,deseason,5.0,23.935185185185183,1.0,1.5705996131528046,17.02127659574468,90.0,-66.06481481481481,2160,60,0,192,143
v2,binseg,deseason,5.0,23.88888888888889,1.0,1.567829457364341,17.05426356589147,90.0,-66.11111111111111,2160,60,0,193,143
v2,bottomup,raw,2.0,20.555555555555554,2.0,2.126126126126126,8.333333333333332,86.66666666666667,-66.11111111111111,2160,60,0,150,193
v2,bottomup,ratio,1.5,13.333333333333334,2.0,1.90625,17.01388888888889,80.0,-66.66666666666667,2160,60,0,350,214
v2,kernel_rbf,raw,3.0,17.916666666666668,2.0,2.090439276485788,3.6175710594315245,86.66666666666667,-68.75,2160,60,0,281,342
v2,bottomup,raw,1.5,19.074074074074073,2.0,2.1019417475728157,7.766990291262135,90.0,-70.92592592592592,2160,60,0,124,204
v2,window,raw,3.0,19.72222222222222,1.0,1.692488262910798,1.8779342723004695,93.33333333333333,-73.61111111111111,2160,60,0,297,332
v2,pelt,ratio,1.5,16.34259259259259,1.0,1.2181303116147308,38.81019830028329,90.0,-73.6574074074074,2160,60,0,114,225
v2,binseg,ratio,1.5,16.296296296296298,1.0,1.2130681818181819,38.92045454545455,90.0,-73.7037037037037,2160,60,0,104,225
v2,window,deseason,5.0,15.694444444444445,2.0,1.8259587020648969,3.5398230088495577,90.0,-74.30555555555556,2160,60,0,369,205
v2,window,raw,2.0,18.564814814814813,1.0,1.6508728179551122,2.2443890274314215,93.33333333333333,-74.76851851851852,2160,60,0,266,326
v2,window,deseason,3.0,16.85185185185185,1.0,1.6428571428571428,2.197802197802198,91.66666666666666,-74.81481481481481,2160,60,0,297,155
v2,window,raw,0.5,17.87037037037037,1.0,1.6813471502590673,0.5181347150259068,93.33333333333333,-75.46296296296296,2160,60,0,225,306
v2,window,raw,1.0,17.59259259259259,1.0,1.681578947368421,0.0,93.33333333333333,-75.74074074074073,2160,60,0,243,309
v2,window,raw,1.5,17.453703703703706,1.0,1.6896551724137931,0.0,93.33333333333333,-75.87962962962962,2160,60,0,253,305
v2,cusum,deseason,,23.564814814814813,1.0,1.0039292730844793,46.75834970530452,100.0,-76.43518518518519,2160,60,0,55,200
v2,window,deseason,2.0,15.37037037037037,1.0,1.605421686746988,0.9036144578313252,93.33333333333333,-77.96296296296296,2160,60,0,265,175
v2,bottomup,raw,1.0,16.944444444444446,2.0,2.1420765027322406,4.644808743169399,95.0,-78.05555555555556,2160,60,0,80,211
v2,kernel_rbf,deseason,2.0,20.0,2.0,1.6782407407407407,15.50925925925926,98.33333333333333,-78.33333333333333,2160,60,0,212,248
v2,kernel_rbf,ratio,1.5,10.694444444444445,2.0,1.9783549783549783,10.822510822510822,90.0,-79.30555555555556,2160,60,0,274,77
v2,binseg,raw,2.0,18.24074074074074,1.0,1.1751269035532994,39.08629441624365,98.33333333333333,-80.09259259259258,2160,60,0,57,288
v2,bottomup,deseason,3.0,14.768518518518519,2.0,2.197492163009404,2.8213166144200628,95.0,-80.23148148148148,2160,60,0,112,158
v2,binseg,deseason,3.0,17.916666666666668,1.0,1.0310077519379846,45.73643410852713,98.33333333333333,-80.41666666666666,2160,60,0,72,176
v2,kernel_rbf,raw,2.0,16.157407407407405,2.0,1.6475644699140402,14.899713467048711,96.66666666666667,-80.50925925925927,2160,60,0,200,345
v2,window,deseason,1.5,14.49074074074074,1.0,1.5750798722044728,1.2779552715654952,95.0,-80.50925925925927,2160,60,0,246,183
v2,pelt,raw,2.0,17.26851851851852,1.0,1.0750670241286864,42.0911528150134,98.33333333333333,-81.06481481481481,2160,60,0,54,290
v2,cusum,raw,,18.88888888888889,1.0,0.8627450980392157,48.28431372549019,100.0,-81.11111111111111,2160,60,0,31,209
v2,kernel_rbf,deseason,1.5,17.40740740740741,1.0,1.3962765957446808,24.20212765957447,100.0,-82.5925925925926,2160,60,0,96,184
v2,pelt,deseason,3.0,16.85185185185185,1.0,1.0027472527472527,46.7032967032967,100.0,-83.14814814814815,2160,60,0,64,180
v2,window,deseason,0.5,13.518518518518519,1.0,1.5787671232876712,0.0,96.66666666666667,-83.14814814814815,2160,60,0,198,222
v2,window,deseason,1.0,13.101851851851851,1.0,1.5759717314487633,0.0,96.66666666666667,-83.56481481481482,2160,60,0,221,205
v2,kernel_rbf,raw,1.5,14.49074074074074,1.0,1.1853035143769968,32.26837060702875,100.0,-85.50925925925927,2160,60,0,106,360
v2,bottomup,raw,0.5,14.305555555555555,2.0,2.1100323624595467,0.0,100.0,-85.69444444444444,2160,60,0,32,226
v2,binseg,deseason,2.0,14.027777777777779,0.0,0.900990099009901,53.79537953795379,100.0,-85.97222222222223,2160,60,0,34,230
v2,binseg,raw,1.5,13.88888888888889,1.0,0.98,48.66666666666667,100.0,-86.11111111111111,2160,60,0,32,298
v2,pelt,deseason,2.0,13.00925925925926,0.0,0.8113879003558719,58.00711743772242,100.0,-86.99074074074073,2160,60,0,29,239
v2,pelt,raw,1.5,12.824074074074074,0.0,0.8808664259927798,50.90252707581227,100.0,-87.17592592592592,2160,60,0,24,275
v2,binseg,deseason,1.5,12.453703703703704,0.0,0.8178438661710037,57.99256505576208,100.0,-87.54629629629629,2160,60,0,18,253
v2,bottomup,deseason,2.0,12.12962962962963,2.0,2.312977099236641,0.0,100.0,-87.87037037037037,2160,60,0,77,200
v2,pelt,deseason,1.5,12.12962962962963,0.0,0.7557251908396947,62.213740458015266,100.0,-87.87037037037037,2160,60,0,15,263
v2,bottomup,deseason,1.5,12.083333333333334,2.0,2.2796934865900385,0.0,100.0,-87.91666666666667,2160,60,0,62,217
v2,binseg,raw,1.0,11.712962962962962,0.0,0.9051383399209486,52.569169960474305,100.0,-88.28703703703704,2160,60,0,9,314
v2,bottomup,deseason,1.0,11.018518518518519,2.0,2.2058823529411766,0.0,100.0,-88.98148148148148,2160,60,0,41,261
v2,pelt,raw,1.0,10.972222222222221,0.0,0.8185654008438819,58.22784810126582,100.0,-89.02777777777777,2160,60,0,6,324
v2,pelt,ratio,1.0,10.50925925925926,0.0,0.7709251101321586,57.268722466960355,100.0,-89.49074074074073,2160,60,0,49,293
v2,binseg,ratio,1.0,10.416666666666668,0.0,0.7555555555555555,57.77777777777777,100.0,-89.58333333333333,2160,60,0,49,293
v2,binseg,deseason,1.0,10.13888888888889,0.0,0.5616438356164384,66.21004566210046,100.0,-89.86111111111111,2160,60,0,1,320
v2,bottomup,deseason,0.5,10.092592592592593,2.0,2.13302752293578,0.0,100.0,-89.9074074074074,2160,60,0,20,302
v2,binseg,raw,0.5,9.212962962962964,0.0,0.5628140703517588,62.311557788944725,100.0,-90.78703703703704,2160,60,0,1,358
v2,pelt,deseason,1.0,8.981481481481483,0.0,0.4639175257731959,70.61855670103093,100.0,-91.01851851851852,2160,60,0,1,345
v2,binseg,ratio,0.5,8.101851851851851,0.0,0.5028571428571429,68.57142857142857,100.0,-91.89814814814815,2160,60,0,8,357
v2,pelt,ratio,0.5,7.592592592592593,0.0,0.4695121951219512,69.51219512195121,100.0,-92.4074074074074,2160,60,0,6,370
v2,pelt,raw,0.5,7.268518518518519,0.0,0.49044585987261147,70.70063694267516,100.0,-92.73148148148148,2160,60,0,0,401
v2,bottomup,ratio,1.0,6.712962962962964,1.0,1.3241379310344827,44.13793103448276,100.0,-93.28703703703704,2160,60,0,233,309
v2,binseg,deseason,0.5,5.9259259259259265,0.0,0.3046875,78.125,100.0,-94.07407407407408,2160,60,0,0,412
v2,pelt,deseason,0.5,5.9259259259259265,0.0,0.234375,81.25,100.0,-94.07407407407408,2160,60,0,0,412
v2,bottomup,ratio,0.5,4.398148148148148,0.0,0.12631578947368421,95.78947368421052,100.0,-95.60185185185185,2160,60,0,105,349
v2,kernel_rbf,ratio,0.5,2.1296296296296298,0.0,0.0,100.0,100.0,-97.87037037037037,2160,60,0,0,494
v2,kernel_rbf,ratio,1.0,2.1296296296296298,0.0,0.0,100.0,100.0,-97.87037037037037,2160,60,0,0,494
v2,kernel_rbf,raw,0.5,0.4629629629629629,0.0,0.0,100.0,100.0,-99.53703703703704,2160,60,0,0,530
v2,kernel_rbf,raw,1.0,0.4629629629629629,0.0,0.0,100.0,100.0,-99.53703703703704,2160,60,0,0,530
v2,kernel_rbf,deseason,0.5,0.32407407407407407,0.0,0.0,100.0,100.0,-99.67592592592592,2160,60,0,0,533
v2,kernel_rbf,deseason,1.0,0.32407407407407407,0.0,0.0,100.0,100.0,-99.67592592592592,2160,60,0,0,533
