фолд,"обучение, мес",тест,модель,MAE,смещение,разброс,доля смещения,прогноз h3,факт h3
0,15,2024-04..2024-06,naive_last,804.673241288626,109.53656776952664,695.1366735190993,0.1361255254295666,1.0,1.0105918705205
0,15,2024-04..2024-06,two_stage,781.243266447676,86.10659292857667,695.1366735190993,0.11021738890640882,1.0203636895872246,1.0105918705205
0,15,2024-04..2024-06,global_gbm,2387.2252804571604,1566.9871855861447,820.2380948710156,0.6564052410194241,0.9167521340232165,1.0105918705205
0,15,2024-04..2024-06,global_gbm_cat,1858.6127418988424,1022.1700434187651,836.4426984800773,0.5499639706410654,0.9435306522227731,1.0105918705205
0,15,2024-04..2024-06,global_gbm_factor,1831.2217649641932,981.8666035975431,849.3551613666501,0.5361811564186723,0.887032883266351,1.0105918705205
0,15,2024-04..2024-06,global_gbm_stack_factor,1641.1812639717677,926.6613239185392,714.5199400532285,0.564630698790673,0.9215645949586075,1.0105918705205
1,18,2024-07..2024-09,naive_last,1217.6093030900722,443.5163205988355,774.0929824912367,0.3642517509296876,1.0,0.9609718733824826
1,18,2024-07..2024-09,two_stage,1586.6392178191788,812.5462353279422,774.0929824912366,0.5121178313270106,1.0525508027688992,0.9609718733824826
1,18,2024-07..2024-09,global_gbm,1127.9721973708606,366.45662269446143,761.5155746763992,0.3248809000333684,0.9977977662199378,0.9609718733824826
1,18,2024-07..2024-09,global_gbm_cat,1093.8516053800035,291.16055060916915,802.6910547708344,0.26617920490962765,0.9983722491215425,0.9609718733824826
1,18,2024-07..2024-09,global_gbm_factor,951.2955984103315,188.15361094749483,763.1419874628367,0.19778669349664826,0.9945042906484035,0.9609718733824826
1,18,2024-07..2024-09,global_gbm_stack_factor,845.318575164797,94.26963254241616,751.0489426223809,0.11151965106650834,0.9776373790774866,0.9609718733824826
2,21,2024-10..2024-12,naive_last,3534.8888888888887,2711.2317288256036,823.6571600632852,0.7669920651106568,1.0,1.2460723601589112
2,21,2024-10..2024-12,two_stage,1810.5353516948683,986.878191631583,823.6571600632852,0.5450753506181208,1.161005328501887,1.2460723601589112
2,21,2024-10..2024-12,global_gbm,883.1153339571209,70.1082393104839,813.007094646637,0.07938741024497707,1.2438490944868046,1.2460723601589112
2,21,2024-10..2024-12,global_gbm_cat,866.7473254685708,67.24967654665204,799.4976489219188,0.0775885596304509,1.2393839505883466,1.2460723601589112
2,21,2024-10..2024-12,global_gbm_factor,924.5998044286252,104.7228491388529,819.8769552897724,0.11326289345644892,1.2465085008982149,1.2460723601589112
2,21,2024-10..2024-12,global_gbm_stack_factor,1164.5974695322493,354.6879539198966,809.9095156123527,0.30455841026544045,1.2505169684103037,1.2460723601589112
