horizon,method,aggregate_model,month,forecast,actual,error_pct
1,two_stage,seasonal_median,2025-01,6241.814381351908,6491.3,-3.8433845092368553
1,naive,как в декабре,2025-01,7602.34,6491.3,17.115831959699904
1,seasonal_naive,как год назад,2025-01,5616.17,6491.3,-13.481583041917645
3,two_stage,seasonal_median,2025-01,6241.814381351908,6491.3,-3.8433845092368553
3,two_stage,seasonal_median,2025-02,6212.423288651447,6467.93,-3.950362965408607
3,two_stage,seasonal_median,2025-03,6718.448243295104,7047.41,-4.667839060092946
3,naive,как в декабре,2025-01,7602.34,6491.3,17.115831959699904
3,naive,как в декабре,2025-02,7602.34,6467.93,17.538996247640277
3,naive,как в декабре,2025-03,7602.34,7047.41,7.874240323750148
3,seasonal_naive,как год назад,2025-01,5616.17,6491.3,-13.481583041917645
3,seasonal_naive,как год назад,2025-02,5752.28,6467.93,-11.064590989698413
3,seasonal_naive,как год назад,2025-03,6152.03,7047.41,-12.705093076747346
6,two_stage,seasonal_median,2025-01,6241.814381351908,6491.3,-3.8433845092368553
6,two_stage,seasonal_median,2025-02,6212.423288651447,6467.93,-3.950362965408607
6,two_stage,seasonal_median,2025-03,6718.448243295104,7047.41,-4.667839060092946
6,two_stage,seasonal_median,2025-04,6648.74079716628,6979.66,-4.741193737713875
6,two_stage,seasonal_median,2025-05,6760.63629210158,7131.57,-5.201290990601228
6,two_stage,seasonal_median,2025-06,6858.9573745973885,7184.09,-4.52573151787647
6,naive,как в декабре,2025-01,7602.34,6491.3,17.115831959699904
6,naive,как в декабре,2025-02,7602.34,6467.93,17.538996247640277
6,naive,как в декабре,2025-03,7602.34,7047.41,7.874240323750148
6,naive,как в декабре,2025-04,7602.34,6979.66,8.921351469842374
6,naive,как в декабре,2025-05,7602.34,7131.57,6.60121123399196
6,naive,как в декабре,2025-06,7602.34,7184.09,5.821892543105668
6,seasonal_naive,как год назад,2025-01,5616.17,6491.3,-13.481583041917645
6,seasonal_naive,как год назад,2025-02,5752.28,6467.93,-11.064590989698413
6,seasonal_naive,как год назад,2025-03,6152.03,7047.41,-12.705093076747346
6,seasonal_naive,как год назад,2025-04,6066.07,6979.66,-13.089319537054816
6,seasonal_naive,как год назад,2025-05,6198.27,7131.57,-13.086879887598373
6,seasonal_naive,как год назад,2025-06,6284.08,7184.09,-12.527821895327037
12,two_stage,seasonal_median,2025-01,6241.814381351908,6491.3,-3.8433845092368553
12,two_stage,seasonal_median,2025-02,6212.423288651447,6467.93,-3.950362965408607
12,two_stage,seasonal_median,2025-03,6718.448243295104,7047.41,-4.667839060092946
12,two_stage,seasonal_median,2025-04,6648.74079716628,6979.66,-4.741193737713875
12,two_stage,seasonal_median,2025-05,6760.63629210158,7131.57,-5.201290990601228
12,two_stage,seasonal_median,2025-06,6858.9573745973885,7184.09,-4.52573151787647
12,two_stage,seasonal_median,2025-07,7064.572076673918,7481.62,-5.574299728215041
12,two_stage,seasonal_median,2025-08,7310.26256181462,7665.84,-4.638466732743963
12,two_stage,seasonal_median,2025-09,7204.728054184304,7436.81,-3.1207190423810287
12,two_stage,seasonal_median,2025-10,7302.629718415393,7664.67,-4.7234947047245
12,two_stage,seasonal_median,2025-11,7261.340116724558,7394.23,-1.7972105719654543
12,two_stage,seasonal_median,2025-12,8372.677029148697,8596.67,-2.605578332671869
12,naive,как в декабре,2025-01,7602.34,6491.3,17.115831959699904
12,naive,как в декабре,2025-02,7602.34,6467.93,17.538996247640277
12,naive,как в декабре,2025-03,7602.34,7047.41,7.874240323750148
12,naive,как в декабре,2025-04,7602.34,6979.66,8.921351469842374
12,naive,как в декабре,2025-05,7602.34,7131.57,6.60121123399196
12,naive,как в декабре,2025-06,7602.34,7184.09,5.821892543105668
12,naive,как в декабре,2025-07,7602.34,7481.62,1.613554283697919
12,naive,как в декабре,2025-08,7602.34,7665.84,-0.8283501873245462
12,naive,как в декабре,2025-09,7602.34,7436.81,2.225819941614748
12,naive,как в декабре,2025-10,7602.34,7664.67,-0.8132117886353871
12,naive,как в декабре,2025-11,7602.34,7394.23,2.814491840259237
12,naive,как в декабре,2025-12,7602.34,8596.67,-11.566455383305394
12,seasonal_naive,как год назад,2025-01,5616.17,6491.3,-13.481583041917645
12,seasonal_naive,как год назад,2025-02,5752.28,6467.93,-11.064590989698413
12,seasonal_naive,как год назад,2025-03,6152.03,7047.41,-12.705093076747346
12,seasonal_naive,как год назад,2025-04,6066.07,6979.66,-13.089319537054816
12,seasonal_naive,как год назад,2025-05,6198.27,7131.57,-13.086879887598373
12,seasonal_naive,как год назад,2025-06,6284.08,7184.09,-12.527821895327037
12,seasonal_naive,как год назад,2025-07,6522.62,7481.62,-12.818079506844773
12,seasonal_naive,как год назад,2025-08,6702.73,7665.84,-12.563659038018018
12,seasonal_naive,как год назад,2025-09,6578.21,7436.81,-11.545272771524354
12,seasonal_naive,как год назад,2025-10,6625.54,7664.67,-13.557400383839097
12,seasonal_naive,как год назад,2025-11,6606.26,7394.23,-10.656552474023655
12,seasonal_naive,как год назад,2025-12,7602.34,8596.67,-11.566455383305394
