тема,источник,corr_h1,corr_h2,corr_h3
ceny,"весь корпус, заголовки",-0.14553858282113089,-0.3079858096811498,-0.3690784202821432
ceny,"выборка, заголовки",-0.022715665393203865,-0.25805474555877433,-0.28654749047582295
ceny,"выборка, заголовки + тело",-0.0314628428342065,-0.20441543400525777,-0.08631155384934158
dohody,"весь корпус, заголовки",-0.3736650037947741,-0.41483502660849253,-0.024636156126290734
dohody,"выборка, заголовки",0.021519130364932196,0.15531611683937085,0.35184767030865655
dohody,"выборка, заголовки + тело",0.09712311415195331,0.09497739998360666,0.30346709223746227
zanjatost,"весь корпус, заголовки",0.1653369085523117,0.13131620982586306,-0.16258050472404448
zanjatost,"выборка, заголовки",0.5893285359535998,0.3042796916364056,0.16580060572662694
zanjatost,"выборка, заголовки + тело",0.3250077556257032,0.21661514908178744,0.10502344024323872
proizvodstvo,"весь корпус, заголовки",0.13430886096458483,0.19114469115642702,0.014470115028685173
proizvodstvo,"выборка, заголовки",-0.13542125853052522,-0.21629001894776528,-0.1524937198631155
proizvodstvo,"выборка, заголовки + тело",-0.02386418818809982,0.043853627246085256,0.04593625030301503
kredit,"весь корпус, заголовки",-0.0486430092459227,-0.14178912222227874,-0.2920829368476323
kredit,"выборка, заголовки",-0.01925907325245418,0.03918653936990597,-0.16601167702649106
kredit,"выборка, заголовки + тело",0.21830712724616091,0.17841640139921372,0.017113512221667307
torgovlja,"весь корпус, заголовки",-0.10651329241468378,0.23951307242922426,0.15127595327214313
torgovlja,"выборка, заголовки",-0.031981775999881994,-0.1698163594109492,-0.26505514934892394
torgovlja,"выборка, заголовки + тело",-0.05783052404527884,-0.007034704131110356,-0.024827733691551362
dkp,"весь корпус, заголовки",-0.14999141644086245,-0.22619034589364445,-0.4272847622216717
dkp,"выборка, заголовки",-0.28361554419141677,-0.18823782059525873,-0.35780585795484565
dkp,"выборка, заголовки + тело",-0.21780633384288223,-0.22124763596126282,-0.4019815841109198
