model,horizon,fold,train_end,step,mae,серий
naive_last,1,0,15,1,779.5675542406311,2028
naive_last,1,1,16,1,740.5266272189349,2028
naive_last,1,2,17,1,863.0152859960552,2028
naive_last,1,3,18,1,983.6781722550954,2028
naive_last,1,4,19,1,695.3246219592373,2028
naive_last,1,5,20,1,2425.2398093359634,2028
naive_last,1,6,21,1,1604.7435897435898,2028
naive_last,1,7,22,1,680.3949704142012,2028
naive_last,1,8,23,1,5727.878698224852,2028
naive_last,3,0,15,1,779.5675542406311,2028
naive_last,3,0,15,2,721.5951676528599,2028
naive_last,3,0,15,3,912.8570019723866,2028
naive_last,3,1,18,1,983.6781722550954,2028
naive_last,3,1,18,2,1265.2266600920445,2028
naive_last,3,1,18,3,1403.923076923077,2028
naive_last,3,2,21,1,1604.7435897435898,2028
naive_last,3,2,21,2,1740.1089743589744,2028
naive_last,3,2,21,3,7259.8141025641025,2028
naive_last,6,0,12,1,7036.077662721894,2028
naive_last,6,0,12,2,4566.952169625247,2028
naive_last,6,0,12,3,1820.3703155818541,2028
naive_last,6,0,12,4,2366.2810650887573,2028
naive_last,6,0,12,5,2082.889546351085,2028
naive_last,6,0,12,6,1643.9580867850098,2028
naive_last,6,1,18,1,983.6781722550954,2028
naive_last,6,1,18,2,1265.2266600920445,2028
naive_last,6,1,18,3,1403.923076923077,2028
naive_last,6,1,18,4,1101.5887573964496,2028
naive_last,6,1,18,5,1340.6720907297831,2028
naive_last,6,1,18,6,5972.847633136094,2028
naive_last,12,0,12,1,7036.077662721894,2028
naive_last,12,0,12,2,4566.952169625247,2028
naive_last,12,0,12,3,1820.3703155818541,2028
naive_last,12,0,12,4,2366.2810650887573,2028
naive_last,12,0,12,5,2082.889546351085,2028
naive_last,12,0,12,6,1643.9580867850098,2028
naive_last,12,0,12,7,1359.5139710716635,2028
naive_last,12,0,12,8,1211.0959894806049,2028
naive_last,12,0,12,9,2656.2361932938857,2028
naive_last,12,0,12,10,1411.6267258382643,2028
naive_last,12,0,12,11,1435.6932938856016,2028
naive_last,12,0,12,12,4704.674556213018,2028
seasonal_naive,1,0,15,1,4791.077909270217,2028
seasonal_naive,1,1,16,1,4408.899901380671,2028
seasonal_naive,1,2,17,1,4751.329388560158,2028
seasonal_naive,1,3,18,1,4456.215647600263,2028
seasonal_naive,1,4,19,1,4459.0770874424725,2028
seasonal_naive,1,5,20,1,3765.093359631821,2028
seasonal_naive,1,6,21,1,4450.623438527285,2028
seasonal_naive,1,7,22,1,3847.8050624589087,2028
seasonal_naive,1,8,23,1,4704.674556213018,2028
seasonal_naive,3,0,15,1,4791.077909270217,2028
seasonal_naive,3,0,15,2,4408.899901380671,2028
seasonal_naive,3,0,15,3,4751.329388560158,2028
seasonal_naive,3,1,18,1,4456.215647600263,2028
seasonal_naive,3,1,18,2,4459.0770874424725,2028
seasonal_naive,3,1,18,3,3765.093359631821,2028
seasonal_naive,3,2,21,1,4450.623438527285,2028
seasonal_naive,3,2,21,2,3847.8050624589087,2028
seasonal_naive,3,2,21,3,4704.674556213018,2028
seasonal_naive,6,0,12,1,2316.019970414201,2028
seasonal_naive,6,0,12,2,3187.8902859960554,2028
seasonal_naive,6,0,12,3,3776.0636094674555,2028
seasonal_naive,6,0,12,4,4791.077909270217,2028
seasonal_naive,6,0,12,5,4408.899901380671,2028
seasonal_naive,6,0,12,6,4751.329388560158,2028
seasonal_naive,6,1,18,1,4456.215647600263,2028
seasonal_naive,6,1,18,2,4459.0770874424725,2028
seasonal_naive,6,1,18,3,3765.093359631821,2028
seasonal_naive,6,1,18,4,4450.623438527285,2028
seasonal_naive,6,1,18,5,3847.8050624589087,2028
seasonal_naive,6,1,18,6,4704.674556213018,2028
seasonal_naive,12,0,12,1,2316.019970414201,2028
seasonal_naive,12,0,12,2,3187.8902859960554,2028
seasonal_naive,12,0,12,3,3776.0636094674555,2028
seasonal_naive,12,0,12,4,4791.077909270217,2028
seasonal_naive,12,0,12,5,4408.899901380671,2028
seasonal_naive,12,0,12,6,4751.329388560158,2028
seasonal_naive,12,0,12,7,4456.215647600263,2028
seasonal_naive,12,0,12,8,4459.0770874424725,2028
seasonal_naive,12,0,12,9,3765.093359631821,2028
seasonal_naive,12,0,12,10,4450.623438527285,2028
seasonal_naive,12,0,12,11,3847.8050624589087,2028
seasonal_naive,12,0,12,12,4704.674556213018,2028
prophet,1,0,15,1,881.0811267035357,2028
prophet,1,1,16,1,932.4916368480918,2028
prophet,1,2,17,1,985.1358500983762,2028
prophet,1,3,18,1,1132.9167059109,2028
prophet,1,4,19,1,978.5558312981708,2028
prophet,1,5,20,1,2282.7870641649884,2028
prophet,1,6,21,1,991.3274797230822,2028
prophet,1,7,22,1,1132.4984497759403,2028
prophet,1,8,23,1,4633.695855380566,2028
prophet,3,0,15,1,881.0811267035357,2028
prophet,3,0,15,2,1095.9989771934768,2028
prophet,3,0,15,3,1309.9463906670483,2028
prophet,3,1,18,1,1132.9167059109,2028
prophet,3,1,18,2,1177.698167173418,2028
prophet,3,1,18,3,2014.881487513849,2028
prophet,3,2,21,1,991.3274797230822,2028
prophet,3,2,21,2,1277.7680506503814,2028
prophet,3,2,21,3,4345.434741797868,2028
prophet,6,0,12,1,4455.21200294592,2028
prophet,6,0,12,2,2570.556984844544,2028
prophet,6,0,12,3,1340.4122865635416,2028
prophet,6,0,12,4,1880.330788143139,2028
prophet,6,0,12,5,2063.1928895786855,2028
prophet,6,0,12,6,2085.0314941060687,2028
prophet,6,1,18,1,1132.9167059109,2028
prophet,6,1,18,2,1177.698167173418,2028
prophet,6,1,18,3,2014.881487513849,2028
prophet,6,1,18,4,1210.9564862152406,2028
prophet,6,1,18,5,1448.2817930418112,2028
prophet,6,1,18,6,4267.709771175438,2028
prophet,12,0,12,1,4455.21200294592,2028
prophet,12,0,12,2,2570.556984844544,2028
prophet,12,0,12,3,1340.4122865635416,2028
prophet,12,0,12,4,1880.330788143139,2028
prophet,12,0,12,5,2063.1928895786855,2028
prophet,12,0,12,6,2085.0314941060687,2028
prophet,12,0,12,7,2134.9205119068224,2028
prophet,12,0,12,8,2228.1219485520455,2028
prophet,12,0,12,9,3971.3331761400314,2028
prophet,12,0,12,10,3301.03561673306,2028
prophet,12,0,12,11,3724.4249944393264,2028
prophet,12,0,12,12,2911.0103172101376,2028
two_stage,1,0,15,1,651.1936366452682,2028
two_stage,1,1,16,1,657.2006844805029,2028
two_stage,1,2,17,1,716.6296178105603,2028
two_stage,1,3,18,1,660.7521798133898,2028
two_stage,1,4,19,1,1111.0319054918598,2028
two_stage,1,5,20,1,2067.988900146318,2028
two_stage,1,6,21,1,1245.0934456229138,2028
two_stage,1,7,22,1,908.0304651178059,2028
two_stage,1,8,23,1,1142.877800969818,2028
two_stage,3,0,15,1,651.1936366452682,2028
two_stage,3,0,15,2,772.2102439453414,2028
two_stage,3,0,15,3,920.3259187524185,2028
two_stage,3,1,18,1,660.7521798133898,2028
two_stage,3,1,18,2,1169.4989474979423,2028
two_stage,3,1,18,3,2929.6665261462044,2028
two_stage,3,2,21,1,1245.0934456229138,2028
two_stage,3,2,21,2,1616.3925376891114,2028
two_stage,3,2,21,3,2570.12007177258,2028
two_stage,6,0,12,1,1402.847445322384,2028
two_stage,6,0,12,2,1532.3209553801912,2028
two_stage,6,0,12,3,2173.7023465312027,2028
two_stage,6,0,12,4,1867.4212697141425,2028
two_stage,6,0,12,5,1978.3380348009398,2028
two_stage,6,0,12,6,2055.533323015338,2028
two_stage,6,1,18,1,660.7521798133898,2028
two_stage,6,1,18,2,1169.4989474979423,2028
two_stage,6,1,18,3,2929.6665261462044,2028
two_stage,6,1,18,4,1946.4843297216034,2028
two_stage,6,1,18,5,1741.5040112895078,2028
two_stage,6,1,18,6,1526.4338907012707,2028
two_stage,12,0,12,1,2428.5017393686767,2028
two_stage,12,0,12,2,833.1433681886317,2028
two_stage,12,0,12,3,1244.6132497375495,2028
two_stage,12,0,12,4,1043.1594978447208,2028
two_stage,12,0,12,5,1136.306691980389,2028
two_stage,12,0,12,6,1090.9086051136396,2028
two_stage,12,0,12,7,1292.573563533592,2028
two_stage,12,0,12,8,1765.0601525681388,2028
two_stage,12,0,12,9,3174.518505735843,2028
two_stage,12,0,12,10,2331.5706808068667,2028
two_stage,12,0,12,11,1947.9180022231772,2028
two_stage,12,0,12,12,1418.3354583791017,2028
two_stage_known,1,0,15,1,553.0308996120365,2028
two_stage_known,1,1,16,1,698.5632188940604,2028
two_stage_known,1,2,17,1,777.63983069999,2028
two_stage_known,1,3,18,1,785.5253390880881,2028
two_stage_known,1,4,19,1,842.8426827583409,2028
two_stage_known,1,5,20,1,1845.005186855661,2028
two_stage_known,1,6,21,1,1411.8366274608431,2028
two_stage_known,1,7,22,1,833.0384795939269,2028
two_stage_known,1,8,23,1,1220.7577540180334,2028
two_stage_known,3,0,15,1,959.0942375187133,2028
two_stage_known,3,0,15,2,953.636834982259,2028
two_stage_known,3,0,15,3,1149.2339964754217,2028
two_stage_known,3,1,18,1,785.5253390880881,2028
two_stage_known,3,1,18,2,1212.117099803764,2028
two_stage_known,3,1,18,3,2755.372871025834,2028
two_stage_known,3,2,21,1,1177.184994124754,2028
two_stage_known,3,2,21,2,1188.9627006433618,2028
two_stage_known,3,2,21,3,1186.8464567903395,2028
two_stage_known,6,0,12,1,2102.330275080462,2028
two_stage_known,6,0,12,2,826.8061126993131,2028
two_stage_known,6,0,12,3,1160.8536450570602,2028
two_stage_known,6,0,12,4,1104.1629981762223,2028
two_stage_known,6,0,12,5,1160.759573549366,2028
two_stage_known,6,0,12,6,1141.729652157951,2028
two_stage_known,6,1,18,1,785.5253390880881,2028
two_stage_known,6,1,18,2,1212.117099803764,2028
two_stage_known,6,1,18,3,2755.372871025834,2028
two_stage_known,6,1,18,4,1616.9295887244025,2028
two_stage_known,6,1,18,5,1587.426955624969,2028
two_stage_known,6,1,18,6,1403.3566266226442,2028
two_stage_known,12,0,12,1,2102.330275080462,2028
two_stage_known,12,0,12,2,826.8061126993131,2028
two_stage_known,12,0,12,3,1160.8536450570602,2028
two_stage_known,12,0,12,4,1104.1629981762223,2028
two_stage_known,12,0,12,5,1160.759573549366,2028
two_stage_known,12,0,12,6,1141.729652157951,2028
two_stage_known,12,0,12,7,1219.6734669248958,2028
two_stage_known,12,0,12,8,1305.8716439336333,2028
two_stage_known,12,0,12,9,2386.8213686378667,2028
two_stage_known,12,0,12,10,1373.6485084247204,2028
two_stage_known,12,0,12,11,1364.9380510469161,2028
two_stage_known,12,0,12,12,1119.3224695915785,2028
global_gbm,1,0,15,1,2350.977197354065,2028
global_gbm,1,1,16,1,689.1733671707235,2028
global_gbm,1,2,17,1,842.0700491962792,2028
global_gbm,1,3,18,1,905.11286127338,2028
global_gbm,1,4,19,1,684.447343905444,2028
global_gbm,1,5,20,1,827.5452465122471,2028
global_gbm,1,6,21,1,782.9645108445557,2028
global_gbm,1,7,22,1,733.0419355933523,2028
global_gbm,1,8,23,1,902.4422334000524,2028
global_gbm,3,0,15,1,2350.977197354065,2028
global_gbm,3,0,15,2,1702.969867639093,2028
global_gbm,3,0,15,3,3107.728776378322,2028
global_gbm,3,1,18,1,905.11286127338,2028
global_gbm,3,1,18,2,1111.5217112296373,2028
global_gbm,3,1,18,3,1367.2820196095645,2028
global_gbm,3,2,21,1,782.9645108445557,2028
global_gbm,3,2,21,2,735.1817754617218,2028
global_gbm,3,2,21,3,1131.1997155650854,2028
global_gbm,6,0,12,1,10235.316853352782,2028
global_gbm,6,0,12,2,9269.777031913647,2028
global_gbm,6,0,12,3,8133.982454735942,2028
global_gbm,6,0,12,4,5090.9646974490015,2028
global_gbm,6,0,12,5,4160.54402070468,2028
global_gbm,6,0,12,6,6307.010124659596,2028
global_gbm,6,1,18,1,905.11286127338,2028
global_gbm,6,1,18,2,1111.5217112296373,2028
global_gbm,6,1,18,3,1367.2820196095645,2028
global_gbm,6,1,18,4,1279.47520888938,2028
global_gbm,6,1,18,5,1786.129164453358,2028
global_gbm,6,1,18,6,2033.758070877593,2028
global_gbm_cat,1,0,15,1,1936.8193292485903,2028
global_gbm_cat,1,1,16,1,672.0950633020146,2028
global_gbm_cat,1,2,17,1,940.7717692428232,2028
global_gbm_cat,1,3,18,1,769.8090935284991,2028
global_gbm_cat,1,4,19,1,635.7457148438244,2028
global_gbm_cat,1,5,20,1,840.6469735499595,2028
global_gbm_cat,1,6,21,1,737.6635408524666,2028
global_gbm_cat,1,7,22,1,839.3960933462881,2028
global_gbm_cat,1,8,23,1,855.4856711171382,2028
global_gbm_cat,3,0,15,1,1936.8193292485903,2028
global_gbm_cat,3,0,15,2,1466.589956923037,2028
global_gbm_cat,3,0,15,3,2172.4289395248998,2028
global_gbm_cat,3,1,18,1,769.8090935284991,2028
global_gbm_cat,3,1,18,2,1152.9005207748683,2028
global_gbm_cat,3,1,18,3,1358.8452018366431,2028
global_gbm_cat,3,2,21,1,737.6635408524666,2028
global_gbm_cat,3,2,21,2,732.9827506329558,2028
global_gbm_cat,3,2,21,3,1129.5956849202898,2028
global_gbm_cat,6,0,12,1,9936.328024976223,2028
global_gbm_cat,6,0,12,2,8906.638122153523,2028
global_gbm_cat,6,0,12,3,7144.409406828641,2028
global_gbm_cat,6,0,12,4,5007.920398997211,2028
global_gbm_cat,6,0,12,5,3710.339892790892,2028
global_gbm_cat,6,0,12,6,5828.731457459692,2028
global_gbm_cat,6,1,18,1,769.8090935284991,2028
global_gbm_cat,6,1,18,2,1152.9005207748683,2028
global_gbm_cat,6,1,18,3,1358.8452018366431,2028
global_gbm_cat,6,1,18,4,1164.316793731353,2028
global_gbm_cat,6,1,18,5,4431.483507305286,2028
global_gbm_cat,6,1,18,6,1744.7700987779485,2028
global_gbm_stack_factor,1,0,15,1,537.1030710004952,2028
global_gbm_stack_factor,1,1,16,1,672.4263558844543,2028
global_gbm_stack_factor,1,2,17,1,728.8071065865486,2028
global_gbm_stack_factor,1,3,18,1,673.8553600455159,2028
global_gbm_stack_factor,1,4,19,1,673.6446644618501,2028
global_gbm_stack_factor,1,5,20,1,893.159482937057,2028
global_gbm_stack_factor,1,6,21,1,1302.5456555649216,2028
global_gbm_stack_factor,1,7,22,1,760.1094313232857,2028
global_gbm_stack_factor,1,8,23,1,1306.771465581815,2028
global_gbm_stack_factor,3,0,15,1,620.2998349439615,2028
global_gbm_stack_factor,3,0,15,2,1426.5352482481053,2028
global_gbm_stack_factor,3,0,15,3,2876.708708723236,2028
global_gbm_stack_factor,3,1,18,1,675.7201169098655,2028
global_gbm_stack_factor,3,1,18,2,802.7933947137616,2028
global_gbm_stack_factor,3,1,18,3,1057.4422138707637,2028
global_gbm_stack_factor,3,2,21,1,1371.7417265542845,2028
global_gbm_stack_factor,3,2,21,2,1053.5326545418004,2028
global_gbm_stack_factor,3,2,21,3,1068.5180275006635,2028
global_gbm_stack_factor,6,0,12,1,1935.3223137766195,2028
global_gbm_stack_factor,6,0,12,2,1317.2680336351636,2028
global_gbm_stack_factor,6,0,12,3,1319.0939233429986,2028
global_gbm_stack_factor,6,0,12,4,2275.935856596198,2028
global_gbm_stack_factor,6,0,12,5,1574.1215678814433,2028
global_gbm_stack_factor,6,0,12,6,2648.157354352743,2028
global_gbm_stack_factor,6,1,18,1,668.5629644311435,2028
global_gbm_stack_factor,6,1,18,2,783.199608831079,2028
global_gbm_stack_factor,6,1,18,3,1009.4668138212344,2028
global_gbm_stack_factor,6,1,18,4,946.2196548051254,2028
global_gbm_stack_factor,6,1,18,5,1166.6461692750163,2028
global_gbm_stack_factor,6,1,18,6,1663.1146033544185,2028
chronos_ft,1,0,15,1,2976.9846595899594,2028
chronos_ft,1,1,16,1,1507.673303728273,2028
chronos_ft,1,2,17,1,979.0030775201861,2028
chronos_ft,1,3,18,1,992.7949143308782,2028
chronos_ft,1,4,19,1,611.2710344564123,2028
chronos_ft,1,5,20,1,2846.7654160117727,2028
chronos_ft,1,6,21,1,1790.8683364537105,2028
chronos_ft,1,7,22,1,919.964610684788,2028
chronos_ft,1,8,23,1,5323.926054764546,2028
chronos_ft,3,0,15,1,1928.906227849174,2028
chronos_ft,3,0,15,2,2054.3830576037044,2028
chronos_ft,3,0,15,3,2021.0808827778292,2028
chronos_ft,3,1,18,1,767.888595470702,2028
chronos_ft,3,1,18,2,851.5072080071703,2028
chronos_ft,3,1,18,3,1837.4812652166543,2028
chronos_ft,3,2,21,1,1650.0202641534147,2028
chronos_ft,3,2,21,2,907.628515721308,2028
chronos_ft,3,2,21,3,4497.4538010817305,2028
chronos_ft,6,1,18,1,1814.8538963623848,2028
chronos_ft,6,1,18,2,2544.8204494177867,2028
chronos_ft,6,1,18,3,1008.0523318078156,2028
chronos_ft,6,1,18,4,2726.492578510232,2028
chronos_ft,6,1,18,5,3264.708323221,2028
chronos_ft,6,1,18,6,9341.791337775056,2028
chronos_small,1,0,15,1,1379.9256261942185,2028
chronos_small,1,1,16,1,1507.673264242018,2028
chronos_small,1,2,17,1,1704.361603565705,2028
chronos_small,1,3,18,1,1814.853944997894,2028
chronos_small,1,4,19,1,1177.8845736511753,2028
chronos_small,1,5,20,1,1613.074023244884,2028
chronos_small,1,6,21,1,1790.868372087648,2028
chronos_small,1,7,22,1,1045.9326985677083,2028
chronos_small,1,8,23,1,6201.5638463849855,2028
chronos_small,3,0,15,1,1379.9256261942185,2028
chronos_small,3,0,15,2,2125.0616067438673,2028
chronos_small,3,0,15,3,2960.2509905271513,2028
chronos_small,3,1,18,1,1814.853944997894,2028
chronos_small,3,1,18,2,2544.820395485341,2028
chronos_small,3,1,18,3,1008.0524627866124,2028
chronos_small,3,2,21,1,1790.868372087648,2028
chronos_small,3,2,21,2,2006.5303586700259,2028
chronos_small,3,2,21,3,7947.8182481393305,2028
chronos_small,6,0,12,1,4882.580346824149,2028
chronos_small,6,0,12,2,2157.9795042259925,2028
chronos_small,6,0,12,3,1532.0683256672214,2028
chronos_small,6,0,12,4,1384.6330383421166,2028
chronos_small,6,0,12,5,2035.9547593457223,2028
chronos_small,6,0,12,6,2966.339294313209,2028
chronos_small,6,1,18,1,1814.853944997894,2028
chronos_small,6,1,18,2,2544.820395485341,2028
chronos_small,6,1,18,3,1008.0524627866124,2028
chronos_small,6,1,18,4,2726.492672410472,2028
chronos_small,6,1,18,5,3264.7084060458274,2028
chronos_small,6,1,18,6,9341.79133007042,2028
chronos_small,12,0,12,1,4882.580346824149,2028
chronos_small,12,0,12,2,2157.9795042259925,2028
chronos_small,12,0,12,3,1532.0683256672214,2028
chronos_small,12,0,12,4,1384.6330383421166,2028
chronos_small,12,0,12,5,2035.9547593457223,2028
chronos_small,12,0,12,6,2966.339294313209,2028
chronos_small,12,0,12,7,4217.77571550378,2028
chronos_small,12,0,12,8,4961.351072934644,2028
chronos_small,12,0,12,9,3045.355810643183,2028
chronos_small,12,0,12,10,4852.2315517327725,2028
chronos_small,12,0,12,11,5117.825812646388,2028
chronos_small,12,0,12,12,11093.037057368712,2028
timesfm,1,0,15,1,1330.9331218410996,2028
timesfm,1,1,16,1,1831.7949449889054,2028
timesfm,1,2,17,1,1328.4730294432632,2028
timesfm,1,3,18,1,1410.8982408712914,2028
timesfm,1,4,19,1,1048.681398571047,2028
timesfm,1,5,20,1,1380.7703166412414,2028
timesfm,1,6,21,1,984.8788065712832,2028
timesfm,1,7,22,1,682.2884047167776,2028
timesfm,1,8,23,1,5165.530582585984,2028
timesfm,3,0,15,1,1330.9331218410996,2028
timesfm,3,0,15,2,2847.3819187623276,2028
timesfm,3,0,15,3,3123.2931209165436,2028
timesfm,3,1,18,1,1410.8982408712914,2028
timesfm,3,1,18,2,1831.9097591402656,2028
timesfm,3,1,18,3,731.9231390416975,2028
timesfm,3,2,21,1,984.8788065712832,2028
timesfm,3,2,21,2,1055.371351855276,2028
timesfm,3,2,21,3,5759.592453695143,2028
timesfm,6,0,12,1,4593.565038677269,2028
timesfm,6,0,12,2,1705.6443641557262,2028
timesfm,6,0,12,3,1836.6371901773607,2028
timesfm,6,0,12,4,1889.2715604582718,2028
timesfm,6,0,12,5,2180.0543350129437,2028
timesfm,6,0,12,6,3032.9965815497103,2028
timesfm,6,1,18,1,1410.8982408712914,2028
timesfm,6,1,18,2,1831.9097591402656,2028
timesfm,6,1,18,3,731.9231390416975,2028
timesfm,6,1,18,4,1554.6915998289571,2028
timesfm,6,1,18,5,1615.2904319988904,2028
timesfm,6,1,18,6,6781.748972875832,2028
timesfm,12,0,12,1,4593.565038677269,2028
timesfm,12,0,12,2,1705.6443641557262,2028
timesfm,12,0,12,3,1836.6371901773607,2028
timesfm,12,0,12,4,1889.2715604582718,2028
timesfm,12,0,12,5,2180.0543350129437,2028
timesfm,12,0,12,6,3032.9965815497103,2028
timesfm,12,0,12,7,3783.0890880537063,2028
timesfm,12,0,12,8,3881.3799653163014,2028
timesfm,12,0,12,9,2328.9865149624015,2028
timesfm,12,0,12,10,3664.3750337077786,2028
timesfm,12,0,12,11,3780.08110235993,2028
timesfm,12,0,12,12,9044.336013583272,2028
moirai,1,0,15,1,780.9156429132767,2028
moirai,1,1,16,1,959.8268441044132,2028
moirai,1,2,17,1,1002.0688852163462,2028
moirai,1,3,18,1,1021.1428257969162,2028
moirai,1,4,19,1,807.6866304998255,2028
moirai,1,5,20,1,2224.2168464735887,2028
moirai,1,6,21,1,4187.44376916528,2028
moirai,1,7,22,1,687.3982988165681,2028
moirai,1,8,23,1,5903.961766229814,2028
moirai,3,0,15,1,2329.6750969820946,2028
moirai,3,0,15,2,2780.6719438601763,2028
moirai,3,0,15,3,3049.970756575906,2028
moirai,3,1,18,1,1021.1428257969162,2028
moirai,3,1,18,2,1236.653951450526,2028
moirai,3,1,18,3,1515.6952946830313,2028
moirai,3,2,21,1,1039.8185693263067,2028
moirai,3,2,21,2,1179.3581331091284,2028
moirai,3,2,21,3,6262.084164952385,2028
moirai,6,0,12,1,5917.743202585675,2028
moirai,6,0,12,2,3624.8193845730093,2028
moirai,6,0,12,3,1531.004877997103,2028
moirai,6,0,12,4,2264.9131201268183,2028
moirai,6,0,12,5,2269.91977982079,2028
moirai,6,0,12,6,2183.1778393506534,2028
moirai,6,1,18,1,3786.3855619311407,2028
moirai,6,1,18,2,4320.732199564175,2028
moirai,6,1,18,3,2029.0347994290864,2028
moirai,6,1,18,4,3785.307985565366,2028
moirai,6,1,18,5,4856.719219501202,2028
moirai,6,1,18,6,10668.037417560405,2028
moirai,12,0,12,1,5817.649685169348,2028
moirai,12,0,12,2,3526.836652586446,2028
moirai,12,0,12,3,1479.555991509492,2028
moirai,12,0,12,4,2174.184423442893,2028
moirai,12,0,12,5,2204.5035571337216,2028
moirai,12,0,12,6,2121.7374443340113,2028
moirai,12,0,12,7,2081.1078491612225,2028
moirai,12,0,12,8,2050.77580988556,2028
moirai,12,0,12,9,1788.2432256995808,2028
moirai,12,0,12,10,1315.6002040765225,2028
moirai,12,0,12,11,1358.4325362888314,2028
moirai,12,0,12,12,5036.676163592518,2028
two_stage_news,1,0,15,1,926.1595465626689,2028
two_stage_news,1,1,16,1,674.7012906218775,2028
two_stage_news,1,2,17,1,796.9903808598788,2028
two_stage_news,1,3,18,1,673.0125433010425,2028
two_stage_news,1,4,19,1,1193.2520331588312,2028
two_stage_news,1,5,20,1,2198.1407055365207,2028
two_stage_news,1,6,21,1,1079.4983602998007,2028
two_stage_news,1,7,22,1,1060.7869235922396,2028
two_stage_news,1,8,23,1,1025.208178340268,2028
two_stage_news,3,0,15,1,926.1595465626689,2028
two_stage_news,3,0,15,2,877.0778648444875,2028
two_stage_news,3,0,15,3,1537.3384239036639,2028
two_stage_news,3,1,18,1,673.0125433010425,2028
two_stage_news,3,1,18,2,1148.574526907173,2028
two_stage_news,3,1,18,3,3343.6677178398795,2028
two_stage_news,3,2,21,1,1079.4983602998007,2028
two_stage_news,3,2,21,2,1163.654814586124,2028
two_stage_news,3,2,21,3,2754.2316622301246,2028
two_stage_news,6,0,12,1,1096.459746082848,2028
two_stage_news,6,0,12,2,2587.8449158932076,2028
two_stage_news,6,0,12,3,1870.0569226164966,2028
two_stage_news,6,0,12,4,1560.635609676045,2028
two_stage_news,6,0,12,5,1978.3380348009398,2028
two_stage_news,6,0,12,6,2055.533323015338,2028
two_stage_news,6,1,18,1,673.0125433010425,2028
two_stage_news,6,1,18,2,1148.574526907173,2028
two_stage_news,6,1,18,3,3343.6677178398795,2028
two_stage_news,6,1,18,4,2749.6789803147576,2028
two_stage_news,6,1,18,5,2278.5889781318792,2028
two_stage_news,6,1,18,6,2476.448359757997,2028
two_stage_news,12,0,12,1,2428.5017393686767,2028
two_stage_news,12,0,12,2,2231.9043623688126,2028
two_stage_news,12,0,12,3,2537.422638263594,2028
two_stage_news,12,0,12,4,1183.7065052820974,2028
two_stage_news,12,0,12,5,1136.306691980389,2028
two_stage_news,12,0,12,6,1090.9086051136396,2028
two_stage_news,12,0,12,7,1292.573563533592,2028
two_stage_news,12,0,12,8,1765.0601525681388,2028
two_stage_news,12,0,12,9,3174.518505735843,2028
two_stage_news,12,0,12,10,2331.5706808068667,2028
two_stage_news,12,0,12,11,1947.9180022231772,2028
two_stage_news,12,0,12,12,1418.3354583791017,2028
global_gbm_news,1,0,15,1,2471.183132038853,2028
global_gbm_news,1,1,16,1,674.411516171535,2028
global_gbm_news,1,2,17,1,779.0979984444233,2028
global_gbm_news,1,3,18,1,881.1301696732776,2028
global_gbm_news,1,4,19,1,686.1722828306173,2028
global_gbm_news,1,5,20,1,836.1707895958159,2028
global_gbm_news,1,6,21,1,776.4361548347008,2028
global_gbm_news,1,7,22,1,749.9434214241812,2028
global_gbm_news,1,8,23,1,888.2190248465391,2028
global_gbm_news,3,0,15,1,2471.183132038853,2028
global_gbm_news,3,0,15,2,1802.1740581132958,2028
global_gbm_news,3,0,15,3,3239.9666873788233,2028
global_gbm_news,3,1,18,1,881.1301696732776,2028
global_gbm_news,3,1,18,2,1100.3172951637312,2028
global_gbm_news,3,1,18,3,1305.8085745367175,2028
global_gbm_news,3,2,21,1,776.4361548347008,2028
global_gbm_news,3,2,21,2,728.0166273459806,2028
global_gbm_news,3,2,21,3,1107.440428358836,2028
global_gbm_news,6,0,12,1,10435.30668064696,2028
global_gbm_news,6,0,12,2,9378.594632465822,2028
global_gbm_news,6,0,12,3,8278.221242713467,2028
global_gbm_news,6,0,12,4,5158.56982050113,2028
global_gbm_news,6,0,12,5,4002.4733397683685,2028
global_gbm_news,6,0,12,6,6560.021672376503,2028
global_gbm_news,6,1,18,1,881.1301696732776,2028
global_gbm_news,6,1,18,2,1100.3172951637312,2028
global_gbm_news,6,1,18,3,1305.8085745367175,2028
global_gbm_news,6,1,18,4,1234.9411802921527,2028
global_gbm_news,6,1,18,5,1778.159951938122,2028
global_gbm_news,6,1,18,6,1939.159981644893,2028
