horizon,model,MAE,MASE,sMAPE,R² пул,R² медиана,"к Prophet, %","к наивной, %",серий,отказов,фолдов,фолдов зачтено
1,global_gbm_stack_factor,838.713621487327,0.4580050822325648,2.782116522008768,0.9892314576467393,,45.891344365408834,47.9432390864196,2028,0,9,9
1,global_gbm_cat,914.2703610035115,0.480119327300402,3.01437759199659,0.9874323591780708,,41.01688722698319,43.25362987579452,2028,0,9,9
1,global_gbm,968.6416383611221,0.5043690303219447,3.1464859458495384,0.985732158635261,,37.509186090880625,39.87894689288095,2028,0,9,9
1,global_gbm_news,971.4182766511049,0.5059267636895516,3.1573955591406473,0.985270633356084,,37.330054428766836,39.70660821624326,2028,0,9,9
1,two_stage_known,996.4711132201089,0.5413848710587847,3.296522012360183,0.9855317191217039,,35.71379916373605,38.151644173609846,2028,0,9,9
1,two_stage,1017.8665151220484,0.5511788999017504,3.3486796442530267,0.9846958818440964,,34.333499137580795,36.82368753510417,2028,0,9,9
1,two_stage_news,1069.7499958081253,0.5763256816720183,3.490789531959056,0.9838685221462171,,30.986295375003877,33.6034155850077,2028,0,9,9
1,prophet,1550.054444433739,0.8490093092796437,4.969669523139577,0.9612520702555237,,0.0,3.792174647375654,2028,0,9,9
1,naive_last,1611.15214770984,0.8908237043937761,5.155596755186852,0.95333303806553,,-3.941648855980728,0.0,2028,0,9,9
1,timesfm,1684.916538470099,0.934277636010245,5.5816215361012,0.9585867566064225,,-8.70047465240019,-4.578362811054872,2028,0,9,9
1,moirai,1952.7401676906695,1.0800618461959397,6.355315798935463,0.9358814673438924,,-25.978811563876285,-21.20147501068582,2028,0,9,9
1,chronos_ft,1994.3612675045028,1.0720541408743394,6.372469556135324,0.9391287299559654,,-28.6639494932758,-23.784787820279583,2028,0,9,9
1,chronos_small,2026.2375503262485,1.1130207942689,6.617657110450864,0.9418400444814349,,-30.72041163473243,-25.763265325775013,2028,0,9,9
1,seasonal_naive,4403.866261231646,2.3757636225884577,14.990204606272282,0.8252726007506944,,-184.11042444644272,-173.33646096003338,2028,0,9,9
3,global_gbm_stack_factor,1217.032436222938,0.6207988257547953,4.002749849349548,0.9778151050715815,0.30561069008213265,23.010817293128962,34.29935800051451,2028,0,3,3
3,two_stage_known,1263.1082811613928,0.6577335708679686,4.117777809411955,0.9770659127693364,-0.6575182929921173,20.096070291521237,31.81198584589866,2028,0,3,3
3,global_gbm_cat,1273.0705575824722,0.6384508860470747,4.1325056640024656,0.976845759792128,-0.18709628639327414,19.465859052501852,31.274179344477396,2028,0,3,3
3,two_stage,1392.8059453205744,0.7480984344219629,4.509750166035153,0.9735136349957344,-0.39990759600361203,11.89142687741875,24.810348463465775,2028,0,3,3
3,global_gbm,1466.1042705950472,0.7277698447006393,4.687429687271846,0.9696644958959413,-0.13387610539396289,7.254592238748268,20.85338981167696,2028,0,3,3
3,global_gbm_news,1490.274791938246,0.7375228747929228,4.766503073074549,0.9681785013075641,-0.08886298418593186,5.725570802321263,19.548561178975234,2028,0,3,3
3,two_stage_news,1500.3572733861072,0.7965248087497914,4.806323352998874,0.9697527490681763,-1.0753508541630874,5.087755421872491,19.00426549353876,2028,0,3,3
3,prophet,1580.7836808148397,0.8386791421666612,5.106071045307205,0.9611410012183232,-0.5662359152697752,0.0,14.662502328886365,2028,0,3,3
3,chronos_ft,1835.149979764632,0.9718733457488877,6.039976047785058,0.9565352538790858,-0.5570954341156519,-16.091151625418803,0.9307161852892305,2028,0,3,3
3,naive_last,1852.3904777558623,1.0071947618662422,5.957237733150614,0.9347221975191063,-1.0114966983684899,-17.1817814314112,0.0,2028,0,3,3
3,timesfm,2119.5757680772144,1.1160330895619417,7.003437140664348,0.936701258899469,-1.1360483155072192,-34.08385940476346,-14.423810396879295,2028,0,3,3
3,moirai,2268.341192970719,1.1823136969036432,7.363386973415373,0.928689788234918,-1.1919317125344215,-43.49472483176616,-22.45480746147937,2028,0,3,3
3,chronos_small,2619.7980006257876,1.3991818845659765,8.630948375659884,0.90467824173116,-2.9265883817554608,-65.72779896585038,-41.42795658287046,2028,0,3,3
3,seasonal_naive,4403.866261231646,2.311806330375466,14.990204606272282,0.8252726007506944,-11.669890575618096,-178.58753317605127,-137.73962963612564,2028,0,3,3
6,two_stage_known,1404.7808948008396,0.8120798234278299,4.747303526715184,0.9708332469985576,0.5843401053300366,34.2720323474874,46.627651881122596,2028,0,2,2
6,global_gbm_stack_factor,1442.2590720085984,0.8702631797506896,4.920628624928878,0.9690797836195879,0.37297459559996515,32.51847460171812,45.2037299526591,2028,0,2,2
6,two_stage,1748.7086049945096,1.037688994407735,5.864385278318525,0.9602234119793168,0.3133821449785404,18.180078439175485,33.56068211799283,2028,0,2,2
6,two_stage_news,1984.903304861467,1.1650823959570864,6.55225246594873,0.9498461758143956,0.12860131040403694,7.128819378059579,24.58685154285518,2028,0,2,2
6,prophet,2137.26507143438,1.2355255639929232,6.825764172724398,0.933196612026617,0.0064286365163780945,0.0,18.798115893307827,2028,0,2,2
6,timesfm,2430.385934482351,1.4572153414207174,8.23010743548783,0.9156961300483489,-0.7764479949817802,-13.714764114460033,7.6614690315777825,2028,0,2,2
6,naive_last,2632.0387697238657,1.5722736636945827,8.591585655160486,0.8953459953551336,-0.781182062590845,-23.149851878570633,0.0,2028,0,2,2
6,chronos_small,2971.689540042915,1.7245722793841674,9.864331982737367,0.8671586048843873,-1.3552655595678191,-39.04169303850218,-12.904474441107219,2028,0,2,2
6,chronos_ft,3450.119819515712,1.8274213494828284,10.915942147549856,0.8312879767731836,-2.4896080261862528,-61.42685648253436,-31.081648918023863,2028,2028,2,1
6,moirai,3936.482949000452,2.23399105221702,12.850219987603316,0.7919545545399304,-3.0119287783559514,-84.1831882069062,-49.5602190317827,2028,0,2,2
6,seasonal_naive,4076.230851413544,2.3951221242549803,13.894172998003803,0.8330600266671386,-2.4022939024305296,-90.72182041874049,-54.86971158259922,2028,0,2,2
6,global_gbm_cat,4263.041043263398,2.655267532000673,13.29581145402828,0.7465069698345546,-2.628093746941214,-99.462439181788,-61.96725870077686,2028,0,2,2
6,global_gbm,4306.73951826238,2.7348497328861674,13.5110800683013,0.7370407905568024,-3.255586579482857,-101.50703699901874,-63.62751065077252,2028,0,2,2
6,global_gbm_news,4337.725378476762,2.7551535255592596,13.570499397633046,0.7290003661653441,-3.2435083814443533,-102.95682722993222,-64.80476763386902,2028,0,2,2
12,two_stage_known,1355.576480439999,0.8661603862587484,4.654465569754285,0.9720624671168916,0.7070116762821628,50.20166099677193,49.630804728736145,2028,0,1,1
12,two_stage,1642.2174596233606,1.0528868981757775,5.5410698359482895,0.9620767172783493,0.5459242013281986,39.671643060080456,38.980077409723705,2028,0,1,1
12,two_stage_news,1878.2272421353273,1.2023041038126994,6.314536061146084,0.954188538900958,0.4416977828630726,31.001608335227278,30.21065495897771,2028,0,1,1
12,moirai,2579.608628573346,1.6394427477849736,8.220513442116072,0.9066627855469325,-0.164835293926472,5.235723078013606,4.149406093358993,2028,0,1,1
12,naive_last,2691.28079799474,1.7232258203445219,8.825284865357363,0.8982923715856737,-0.34484742755890585,1.1333440309328615,0.0,2028,0,1,1
12,prophet,2722.1319175969434,1.6891611587665118,8.363202342303442,0.8936262970074395,-0.033370921694385824,0.0,-1.1463359611226822,2028,0,1,1
12,timesfm,3476.7013990012224,2.286835612915743,12.00617944662913,0.8476983267294768,-1.3843718889964638,-27.719798461141497,-29.183896440374973,2028,0,1,1
12,chronos_small,4020.5943574623243,2.5951472695310414,13.506309403998683,0.7815157735619458,-2.1376131612767235,-47.700202604862874,-49.39334314197348,2028,0,1,1
12,seasonal_naive,4076.230851413544,2.643407415245199,13.894172998003803,0.8330600266671386,-1.410704717038654,-49.74405997972275,-51.46062998891543,2028,0,1,1
12,global_gbm,,,,,,,,0,2028,1,0
12,global_gbm_cat,,,,,,,,0,2028,1,0
12,global_gbm_stack_factor,,,,,,,,0,2028,1,0
12,chronos_ft,,,,,,,,0,2028,1,0
12,global_gbm_news,,,,,,,,0,2028,1,0
