horizon,model,fold,train_end,MAE,MASE,sMAPE,R² пул,R² медиана,"к Prophet, %","к наивной, %",серий,отказов
1,global_gbm_stack_factor,0,15,537.1030710004952,0.27058886538079485,2.0008992482335812,0.9952487926465587,,39.04045215336697,31.102433896997944,2028,0
1,two_stage_known,0,15,553.0308996120365,0.2768530298109315,2.0348785260383813,0.9950695583063308,,37.23269255793296,29.059271822730196,2028,0
1,two_stage,0,15,651.1936366452683,0.3179419324443868,2.296322253570887,0.9937270424511094,,26.091523594242133,16.46732433860855,2028,0
1,naive_last,0,15,779.5675542406311,0.37364649102587677,2.6576624619379787,0.9915787588454533,,11.521478486629942,0.0,2028,0
1,moirai,0,15,780.9156429132767,0.39621168556151826,2.920946758792643,0.99126697549192,,11.368474565448556,-0.17292775530642635,2028,0
1,prophet,0,15,881.0811267035357,0.4503586803516112,3.358795691509167,0.9873355372496473,,0.0,-13.02178007674882,2028,0
1,two_stage_news,0,15,926.1595465626689,0.43906851140991904,3.0852023824037005,0.9886196487277553,,-5.116262111729592,-18.804270588817865,2028,0
1,timesfm,0,15,1330.9331218410996,0.6848470905136586,5.212856665726659,0.976014917692524,,-51.056818890291495,-70.72710563711802,2028,0
1,chronos_small,0,15,1379.9256261942185,0.7097568630775895,5.28928594734699,0.9787420362164835,,-56.617317562691696,-77.01168021780872,2028,0
1,global_gbm_cat,0,15,1936.8193292485903,0.9091708347927289,6.160438191524034,0.9566074442644109,,-119.82304132367226,-148.44791432286152,2028,0
1,global_gbm,0,15,2350.977197354065,1.0793646745170884,7.229894406126706,0.9338583872069255,,-166.82868649677897,-201.57453123406708,2028,0
1,global_gbm_news,0,15,2471.183132038853,1.1294322392723546,7.53992579590667,0.9262104722205151,,-180.47169064720546,-216.99409738082383,2028,0
1,chronos_ft,0,15,2976.9846595899594,1.3198387952354316,9.25490182910865,0.8461412458519071,,-237.87860951329276,-281.87641897049065,2028,0
1,seasonal_naive,0,15,4791.077909270217,2.2842558197434797,17.373797756454238,0.7552481060250649,,-443.7726179875726,-514.5814924194937,2028,0
1,two_stage,1,16,657.2006844805029,0.3325388970832005,2.3153741599178805,0.992965416050114,,29.52208271787807,11.25225477054951,2028,0
1,global_gbm_cat,1,16,672.0950633020146,0.3336155343857654,2.310504390396429,0.9925453217171907,,27.92481597220986,9.240932250325232,2028,0
1,global_gbm_stack_factor,1,16,672.4263558844542,0.3352996093396704,2.317622395542961,0.9923428173758201,,27.889288298893735,9.196194820196114,2028,0
1,global_gbm_news,1,16,674.411516171535,0.34330082075400215,2.3908169039563574,0.9925486615467033,,27.676400567933396,8.928120693741521,2028,0
1,two_stage_news,1,16,674.7012906218775,0.34250517929461854,2.3753564949138566,0.9927989420260643,,27.645325281154207,8.888989832042357,2028,0
1,global_gbm,1,16,689.1733671707234,0.34825397173344885,2.4175606382522585,0.9923481267785639,,26.093346048636604,6.934694602551953,2028,0
1,two_stage_known,1,16,698.5632188940604,0.3550399250075748,2.453317000628257,0.992423243538997,,25.086382409254753,5.666698101386185,2028,0
1,naive_last,1,16,740.5266272189349,0.36928467693805045,2.5561475518285097,0.9913811209707876,,20.586244642152117,0.0,2028,0
1,prophet,1,16,932.4916368480917,0.47471436539625383,3.3062289050838722,0.9859408469793515,,0.0,-25.922769360783953,2028,0
1,moirai,1,16,959.8268441044132,0.49187633471301445,3.4222052470552216,0.9870791772005111,,-2.931415808587521,-29.614089328437174,2028,0
1,chronos_small,1,16,1507.673264242018,0.7691288444831448,5.33189450030783,0.9743930231378758,,-61.682229058707,-103.59474039497002,2028,0
1,chronos_ft,1,16,1507.673303728273,0.7691288646423928,5.331894655263644,0.9743930215157671,,-61.682233293195914,-103.59474572715573,2028,0
1,timesfm,1,16,1831.7949449889054,0.9254433874790466,6.34376277062196,0.9639573323405184,,-96.44089797743841,-147.36381889038267,2028,0
1,seasonal_naive,1,16,4408.899901380671,2.189627226656633,15.53446547881735,0.7975751496581006,,-372.80851936465206,-495.37358135768835,2028,0
1,two_stage,2,17,716.6296178105601,0.35277927019944144,2.3938916927144995,0.9889762005494346,,27.255756884799478,16.962117654329035,2028,0
1,global_gbm_stack_factor,2,17,728.8071065865487,0.35816726777472463,2.4355178510304683,0.9888682248120243,,26.019634092722377,15.551077899461449,2028,0
1,two_stage_known,2,17,777.63983069999,0.38522949251226624,2.5576558967376073,0.9886188274397699,,21.06268078434721,9.892693290771625,2028,0
1,global_gbm_news,2,17,779.0979984444233,0.376826758637912,2.553286737821601,0.9871901404084563,,20.914663864215058,9.723731307352013,2028,0
1,two_stage_news,2,17,796.9903808598789,0.39780376395083833,2.6009959881225138,0.9887903023172664,,19.098428832907565,7.650490809090739,2028,0
1,global_gbm,2,17,842.0700491962793,0.40317117380597334,2.7205637756055787,0.9855491856175032,,14.522443872874002,2.4269832921443335,2028,0
1,naive_last,2,17,863.0152859960552,0.42076436686081864,2.8556924938079398,0.9853979983122423,,12.396317126224359,0.0,2028,0
1,global_gbm_cat,2,17,940.7717692428232,0.4581640914391793,3.1354972094779554,0.9830912717101534,,4.503346503035368,-9.009861645384968,2028,0
1,chronos_ft,2,17,979.0030775201861,0.502387029740687,3.380641622887639,0.9850105379682796,,0.6225306466694538,-13.439830488084898,2028,0
1,prophet,2,17,985.1358500983762,0.5033642623233763,3.3742510608271727,0.9838583664963464,,0.0,-14.150452035316455,2028,0
1,moirai,2,17,1002.0688852163462,0.5004091978556607,3.347427892158041,0.9841637463034365,,-1.7188527974369288,-16.112530273412393,2028,0
1,timesfm,2,17,1328.4730294432632,0.6803413258575186,4.606902963511329,0.9766680470315435,,-34.85175971523127,-53.93389329251527,2028,0
1,chronos_small,2,17,1704.361603565705,0.8637606048553921,5.783957166428312,0.9660029746739073,,-73.00777384109071,-97.48915589584303,2028,0
1,seasonal_naive,2,17,4751.329388560158,2.4612304884738867,16.52943391143568,0.7811211486364175,,-382.3019472985058,-450.54985301637817,2028,0
1,two_stage,3,18,660.7521798133898,0.3459545491497999,2.2074498469080615,0.9906644627909955,,41.67689677749746,32.82841904495994,2028,0
1,two_stage_news,3,18,673.0125433010425,0.35354712187845994,2.2436202474622986,0.9907709169215319,,40.594702170984455,31.58203950402272,2028,0
1,global_gbm_stack_factor,3,18,673.8553600455159,0.34872240690083706,2.2262035627116856,0.9898872274695618,,40.520308639661614,31.496359373239574,2028,0
1,global_gbm_cat,3,18,769.8090935284991,0.39302532908299853,2.5076334647214544,0.9866745290252539,,32.05068920671015,21.7417733521827,2028,0
1,two_stage_known,3,18,785.5253390880881,0.41366024519104716,2.5615222033095213,0.9899404929163101,,30.66345169157856,20.14407137984359,2028,0
1,global_gbm_news,3,18,881.1301696732776,0.4618801814648709,2.8166491794059834,0.9893609899576515,,22.224629129745104,10.424954570937066,2028,0
1,global_gbm,3,18,905.11286127338,0.4740837069281456,2.884439544231154,0.9890339791282489,,20.107731084639525,7.986891769856327,2028,0
1,naive_last,3,18,983.6781722550953,0.5045618370120769,3.120057345518861,0.9846386657527484,,13.172948450416968,0.0,2028,0
1,chronos_ft,3,18,992.7949143308781,0.517124607349952,3.150326557113038,0.9869865522378025,,12.36823420900655,-0.9268012987299016,2028,0
1,moirai,3,18,1021.1428257969161,0.5209222160333826,3.2674708216605914,0.9815429373349774,,9.866028061093372,-3.8086291429983206,2028,0
1,prophet,3,18,1132.9167059109002,0.5731446056815361,3.6932614979905365,0.9720895496546931,,0.0,-15.171479642948013,2028,0
1,timesfm,3,18,1410.8982408712914,0.7326460428792704,4.5882535112945835,0.9740888420955993,,-24.536802530145884,-43.430878173985334,2028,0
1,chronos_small,3,18,1814.853944997894,0.9384778816529789,5.864770997659619,0.9603215842791932,,-60.19306057797912,-84.4967181529826,2028,0
1,seasonal_naive,3,18,4456.215647600263,2.3863436299020755,14.937237598622147,0.8197489309183819,,-293.3400950264324,-353.01560747092,2028,0
1,chronos_ft,4,19,611.2710344564124,0.3500895261317969,2.0945649822949695,0.9949502286908503,,37.53335119923728,12.088395096089736,2028,0
1,global_gbm_cat,4,19,635.7457148438245,0.35693755583049713,2.117182066510747,0.994507420545845,,35.03224910525215,8.56850242805087,2028,0
1,global_gbm_stack_factor,4,19,673.6446644618501,0.3853163284318762,2.3190977986577286,0.9936975747239426,,31.159302012621975,3.1179620011583906,2028,0
1,global_gbm,4,19,684.4473439054441,0.38146819780776975,2.263196288916795,0.9934051624803615,,30.05536097031446,1.5643453015001842,2028,0
1,global_gbm_news,4,19,686.1722828306173,0.3832907578621233,2.2704210237259823,0.993520227324328,,29.87908702967636,1.3162685225831954,2028,0
1,naive_last,4,19,695.3246219592373,0.39737381304356456,2.402439087712285,0.9932130046483938,,28.94379659085915,0.0,2028,0
1,moirai,4,19,807.6866304998254,0.454934595568915,2.769524499600311,0.9907867000709556,,17.461364526505047,-16.15964759366383,2028,0
1,two_stage_known,4,19,842.8426827583409,0.4605523178712032,2.7023204305055892,0.9906190503707412,,13.868717982068555,-21.215710783178853,2028,0
1,prophet,4,19,978.5558312981707,0.5196271012847727,3.1923475054053205,0.9834507664001176,,0.0,-40.733666030819414,2028,0
1,timesfm,4,19,1048.681398571047,0.6004279779549315,3.6750949558499726,0.9866853974860623,,-7.166230584906589,-50.818965049180285,2028,0
1,two_stage,4,19,1111.0319054918598,0.6022292114015456,3.4461072755880062,0.9854169757736035,,-13.53791679090439,-59.78607263486102,2028,0
1,chronos_small,4,19,1177.8845736511753,0.6567818615193732,3.937823378725797,0.9842070110178911,,-20.369685201157232,-69.40067077334528,2028,0
1,two_stage_news,4,19,1193.2520331588312,0.6465194641496672,3.680446990839547,0.9836123655860571,,-21.94010755378571,-71.61078372236678,2028,0
1,seasonal_naive,4,19,4459.0770874424725,2.467390104405507,14.91323537474992,0.8239030178601543,,-355.67937411675086,-541.2942885407963,2028,0
1,global_gbm,5,20,827.5452465122471,0.4738324070151211,2.975806331708544,0.9904254271306693,,63.748469600910774,65.87779718415429,2028,0
1,global_gbm_news,5,20,836.1707895958159,0.4790348196285021,3.005576112122293,0.9903427934764534,,63.37061819203556,65.52213985697514,2028,0
1,global_gbm_cat,5,20,840.6469735499594,0.48554562079441377,3.033436492304968,0.990082200304199,,63.17453402700718,65.33757320352865,2028,0
1,global_gbm_stack_factor,5,20,893.159482937057,0.4982147883195503,3.185844281762215,0.9867489505627344,,60.874165753004114,63.17232302146622,2028,0
1,timesfm,5,20,1380.7703166412414,0.7988508574182356,4.761261536071657,0.9789226208184061,,39.51383647137023,43.066648035135955,2028,0
1,chronos_small,5,20,1613.074023244884,0.9119504182866391,5.447521725283252,0.9703975097708137,,29.337516907871386,33.4880609729663,2028,0
1,two_stage_known,5,20,1845.0051868556611,1.031387252510099,6.247240620901001,0.9583988194083223,,19.177517000231546,23.92483498937664,2028,0
1,two_stage,5,20,2067.988900146318,1.1576051765859905,6.943135038834794,0.9502189867009384,,9.409470002286023,14.730539545590801,2028,0
1,two_stage_news,5,20,2198.1407055365207,1.231374712772498,7.347496256358904,0.9450105104100075,,3.7080269096158593,9.363985488165913,2028,0
1,moirai,5,20,2224.2168464735887,1.25128217224142,7.392224877372191,0.9460141327156532,,2.5657328539674293,8.28878703411251,2028,0
1,prophet,5,20,2282.7870641649884,1.28755053329292,7.433294355140392,0.9450963135347112,,0.0,5.87375914837793,2028,0
1,naive_last,5,20,2425.239809335963,1.360428567802814,8.051436820987773,0.9352028511075136,,-6.2402992993602675,0.0,2028,0
1,chronos_ft,5,20,2846.7654160117727,1.5867390648049373,9.363290000856129,0.9111451545405925,,-24.705692471280923,-17.380780451201012,2028,0
1,seasonal_naive,5,20,3765.093359631821,2.1487657750203795,13.516805610251117,0.8553861332310871,,-64.93405884131552,-55.24622947133271,2028,0
1,global_gbm_cat,6,21,737.6635408524664,0.41418883328675277,2.4949533031320827,0.9916595292609056,,25.588309015853596,54.03231110769963,2028,0
1,global_gbm_news,6,21,776.4361548347008,0.4404488297927581,2.6519294329755203,0.9912827721365721,,21.677127819397192,51.61618592545605,2028,0
1,global_gbm,6,21,782.9645108445558,0.44320449295078373,2.659249213863932,0.9911922799760277,,21.018580957397702,51.20936978039838,2028,0
1,timesfm,6,21,984.8788065712832,0.5692805487377713,3.349931350483737,0.9884229127489574,,0.6505088665150525,38.627029709546946,2028,0
1,prophet,6,21,991.3274797230821,0.5246823582710146,3.1194070723132596,0.985130399003928,,0.0,38.22517902181002,2028,0
1,two_stage_news,6,21,1079.4983602998007,0.6187659218595402,3.7016370805165293,0.986512670221524,,-8.894223390372296,32.730788445007235,2028,0
1,two_stage,6,21,1245.0934456229138,0.7140901752118339,4.250834003117882,0.9831224433214625,,-25.598600976008335,22.41168909595968,2028,0
1,global_gbm_stack_factor,6,21,1302.5456555649214,0.744726117662486,4.374227026852804,0.9819314586680326,,-31.394083409124818,18.831540198079523,2028,0
1,two_stage_known,6,21,1411.8366274608431,0.809943449097246,4.808783644284348,0.979240256696167,,-42.41879261283328,12.021045824122586,2028,0
1,naive_last,6,21,1604.7435897435898,0.9201895208678359,5.456881141433811,0.9741329203559008,,-61.878251391947664,0.0,2028,0
1,chronos_ft,6,21,1790.8683364537105,1.0189836865029838,6.010368002449509,0.9680572254013937,,-80.65355526651723,-11.598410356626518,2028,0
1,chronos_small,6,21,1790.868372087648,1.0189836947835749,6.010367993071945,0.9680572237868618,,-80.65355886108493,-11.59841257716428,2028,0
1,moirai,6,21,4187.44376916528,2.321893732210561,14.196782238156985,0.8289507310834587,,-322.4077164021523,-160.94161060549,2028,0
1,seasonal_naive,6,21,4450.623438527285,2.5388863986323544,15.645164904708327,0.8209491739690065,,-348.95592320012395,-177.34171782785666,2028,0
1,naive_last,7,22,680.3949704142012,0.3771966289055732,2.3368656159838483,0.9923118171247625,,39.92089167549728,0.0,2028,0
1,timesfm,7,22,682.2884047167776,0.3891985399321326,2.393342517765687,0.992993349106826,,39.75370077974365,-0.27828458247180754,2028,0
1,moirai,7,22,687.3982988165681,0.3788313682287844,2.3632381092130275,0.99155511464182,,39.302495385087134,-1.0293033762585644,2028,0
1,global_gbm,7,22,733.0419355933523,0.4171150322270982,2.55932158099673,0.992170160311173,,35.27214666489113,-7.737706401195377,2028,0
1,global_gbm_news,7,22,749.9434214241813,0.42472476564157763,2.6024907123700145,0.9918553654093644,,33.779739692133425,-10.221776179156848,2028,0
1,global_gbm_stack_factor,7,22,760.1094313232858,0.4227577505764978,2.611985225592472,0.9891130573560815,,32.88207754512424,-11.715909784071025,2028,0
1,two_stage_known,7,22,833.0384795939269,0.45415076037299634,2.7187288657481465,0.9890953967240309,,26.442417668762392,-22.434544024745147,2028,0
1,global_gbm_cat,7,22,839.3960933462881,0.4760508636506975,2.908330493677879,0.9901393175510921,,25.88103820253716,-23.36894448753677,2028,0
1,two_stage,7,22,908.0304651178058,0.49648566825191864,2.926196062849533,0.9880037958594897,,19.820599728197823,-33.456375282290495,2028,0
1,chronos_ft,7,22,919.964610684788,0.49619616623193663,3.171761043319267,0.9839367303241903,,18.766810597683484,-35.2103778963482,2028,0
1,chronos_small,7,22,1045.9326985677083,0.5869760813549912,3.3975294048067117,0.9873383597697201,,7.64378540432958,-53.72434307252156,2028,0
1,two_stage_news,7,22,1060.7869235922399,0.5838773329737736,3.3784821915768357,0.9851778217662732,,6.332152260154375,-55.907519855190735,2028,0
1,prophet,7,22,1132.4984497759403,0.5941933645372037,3.600447513714147,0.9787407218026598,,0.0,-66.44721066743247,2028,0
1,seasonal_naive,7,22,3847.8050624589087,2.1779761378770117,13.111274955648026,0.8613752741131866,,-239.76250150454328,-465.52520664820554,2028,0
1,global_gbm_cat,8,23,855.4856711171382,0.494375282440585,2.4614227162237623,0.992192739580501,,81.53772500791645,85.06452883888298,2028,0
1,global_gbm_news,8,23,888.2190248465391,0.5144017001518629,2.5854641339814033,0.991139847591048,,80.83130501940141,84.49305455575009,2028,0
1,global_gbm,8,23,902.4422334000525,0.5188276159120739,2.6083417329441465,0.9908889758330225,,80.52435331179208,84.244739091983,2028,0
1,two_stage_news,8,23,1025.208178340268,0.5734691267588494,3.0038681554373143,0.9865393867189497,,77.87493589701589,82.10143349128545,2028,0
1,two_stage,8,23,1142.877800969818,0.640985218787637,3.3588064647756974,0.984293235769703,,75.33550244471208,80.0471018821678,2028,0
1,two_stage_known,8,23,1220.7577540180337,0.6856473671556983,3.5842509230887933,0.9828237552726701,,73.65477165272918,78.68743703674515,2028,0
1,global_gbm_stack_factor,8,23,1306.771465581815,0.7582526057066465,3.567651307694996,0.9844929101014162,,71.79850585004593,77.18576921004276,2028,0
1,prophet,8,23,4633.695855380566,2.713448512378105,13.648992106272324,0.8596081979820605,,0.0,19.10275863878521,2028,0
1,seasonal_naive,8,23,4704.674556213018,2.7273970225847917,13.350425865763743,0.8429570751943174,,-1.5317945555281267,17.863579100041676,2028,0
1,timesfm,8,23,5165.530582585984,3.02746295331964,15.30318755358521,0.827963690531445,,-11.477549321409622,9.817737861892,2028,0
1,chronos_ft,8,23,5323.926054764546,3.0879995272289347,15.594477311925077,0.8145958457790928,,-14.895889176293194,7.052395218940238,2028,0
1,naive_last,8,23,5727.878698224852,3.2939674370873737,16.963188277470657,0.785185972343823,,-23.613609459795253,0.0,2028,0
1,moirai,8,23,5903.961766229814,3.404195313350201,17.51802174641016,0.7717842741069297,,-27.4136661208404,-3.0741410089486125,2028,0
1,chronos_small,8,23,6201.5638463849855,3.5613708984064174,18.495762880427318,0.7486592469063327,,-33.83623008367799,-8.26981807954374,2028,0
3,two_stage,0,15,781.2432664476761,0.37357825138245965,2.6811515025762187,0.9897568330709748,-0.8076853833574307,28.69756896638999,2.9117377885498383,2028,0
3,naive_last,0,15,804.6732412886258,0.38253221813612076,2.7691624075497194,0.9887582799174022,-0.801412470579127,26.559164404117933,0.0,2028,0
3,two_stage_known,0,15,1020.6550229921313,0.4771372410345276,3.4366404428905626,0.9826165364049965,-2.5811354361253818,6.846961104812017,-26.840930034858165,2028,0
3,prophet,0,15,1095.6754981880204,0.542366513991644,3.9792005774379904,0.980626079767362,-2.7307388341705323,0.0,-36.16402807596479,2028,0
3,two_stage_news,0,15,1113.5252784369402,0.530859590734195,3.658115981103887,0.9826110893168595,-3.9836064450688364,-1.629111929438873,-38.382292500954826,2028,0
3,global_gbm_stack_factor,0,15,1641.1812639717677,0.7658537795163105,5.472906253421062,0.9568247800947739,-11.123212433913276,-49.78716478427059,-103.95623711104584,2028,0
3,global_gbm_cat,0,15,1858.6127418988424,0.8610121239105727,6.03851555604689,0.9553431970879166,-12.252050998351763,-69.63167881115658,-130.97732676215364,2028,0
3,chronos_ft,0,15,2001.4567227435693,0.9881348407515202,7.216739358518847,0.9570670174003321,-14.27888327292667,-82.6687487356877,-148.72912631447537,2028,0
3,chronos_small,0,15,2155.0794078217455,1.05576673620287,7.755102986298894,0.9472798618187549,-17.755346902469952,-96.68956834260878,-167.82043906052377,2028,0
3,global_gbm,0,15,2387.2252804571604,1.090573515222859,7.572585562332809,0.9272541082089951,-20.43930001210048,-117.87703425010852,-196.67014608739717,2028,0
3,timesfm,0,15,2433.8693871733235,1.1659041417521263,8.560112315578088,0.9259003555900659,-23.41976373818471,-122.13414384079492,-202.466797985684,2028,0
3,global_gbm_news,0,15,2504.441292510324,1.1430950994149869,7.941591882157131,0.9210220806906869,-22.512645702375387,-128.57509332389546,-211.2370542482117,2028,0
3,moirai,0,15,2720.1059324727257,1.3038997364679035,9.366849506303303,0.9207461134388834,-27.133087245162535,-148.25835176300978,-238.0385717955121,2028,0
3,seasonal_naive,0,15,4650.435733070348,2.214985702870828,16.479232382235757,0.7787180828611513,-84.59544011009291,-324.43549579789203,-477.9284676626021,2028,0
3,global_gbm_stack_factor,1,18,845.3185751647968,0.44575472860585913,2.8349072806944777,0.9880214851304356,0.43604560839825496,41.37191401673733,30.57554890394389,2028,0
3,global_gbm_cat,1,18,1093.8516053800035,0.573119047354399,3.612396306360016,0.9810147963138524,-0.13646220780463902,24.134606931302343,10.163990813473092,2028,0
3,global_gbm_news,1,18,1095.7520131245753,0.5828651964619926,3.5834340331935404,0.9846294553035897,0.03735165510480343,24.00280186759569,10.007913840362841,2028,0
3,global_gbm,1,18,1127.9721973708606,0.6008556446259097,3.6917012370605136,0.9839386308549565,-0.033530791480787414,21.768132255586384,7.361729701943706,2028,0
3,chronos_ft,1,18,1152.2923562315088,0.613990765047293,3.8413230408501304,0.980858527813408,-0.32283954294664385,20.081378401241324,5.364360036737628,2028,0
3,naive_last,1,18,1217.6093030900722,0.6436288228653777,4.038772892507881,0.9798722362305805,-0.23253017777374796,15.5512430308675,0.0,2028,0
3,moirai,1,18,1257.8306906434912,0.6618692374365855,4.157050178429341,0.9777752587531066,-0.46474877691317584,12.761640344817145,-3.303308167188303,2028,0
3,timesfm,1,18,1324.910379684418,0.7012696206228424,4.432392259118269,0.9754923673046649,-0.399773510288548,8.109247871298757,-8.812438959035148,2028,0
3,prophet,1,18,1441.8321201993888,0.7490736355782596,4.680538023604552,0.9675599545648715,-0.8861861071544699,0.0,-18.415005251707555,2028,0
3,two_stage_known,1,18,1584.3384366392286,0.847903267472231,5.177110663189861,0.9667749005580356,-1.5957672082742937,-9.883696891156289,-30.118785444433133,2028,0
3,two_stage,1,18,1586.6392178191788,0.8488761565699087,5.19561824817102,0.9645290406261966,-1.8396023115721836,-10.043270335783953,-30.30774434726931,2028,0
3,two_stage_news,1,18,1721.7515960160317,0.9216681555508899,5.6062463952697605,0.9573971710738495,-2.52991790723448,-19.414151751448934,-41.404274067760284,2028,0
3,chronos_small,1,18,1789.2422677566155,0.9361137007009026,5.847615825790838,0.9594386007042864,-1.8134046161374824,-24.095048424166325,-46.94715810858559,2028,0
3,seasonal_naive,1,18,4226.795364891519,2.2691442853501957,14.455759527874395,0.8335987965605784,-14.547029581378247,-193.15447378901519,-247.138885532878,2028,0
3,global_gbm_cat,2,21,866.7473254685708,0.48122148687625216,2.7466051296004896,0.9892492697433999,0.8993695845340977,60.688939812620454,75.48021019294293,2028,0
3,global_gbm_news,2,21,870.6310701798392,0.4866083285017888,2.774483303872975,0.9895600045262621,0.9004519735870534,60.51279375758122,75.3703412597644,2028,0
3,global_gbm,2,21,883.115333957121,0.49188037425314923,2.798002262422218,0.9892997663355976,0.8971445675097278,59.946573787443405,75.01716852450465,2028,0
3,global_gbm_stack_factor,2,21,1164.5974695322495,0.6507879691422164,3.7004360139331025,0.9846395900902364,0.7997569909919416,47.180037510814024,67.05419869934542,2028,0
3,two_stage_known,2,21,1184.3313838528184,0.6481602040971473,3.739582322155442,0.9810748330637452,0.8403117309300523,46.2850118547855,66.49593746565863,2028,0
3,two_stage_news,2,21,1665.7949457053496,0.9370466799642893,5.154607682622974,0.9697169617952887,0.5393686641745512,24.44837907627305,52.87560661548958,2028,0
3,two_stage,2,21,1810.5353516948683,1.0218408953135205,5.65248074735822,0.9680538952711402,0.49644312176071165,17.883722175458605,48.78098269549942,2028,0
3,prophet,2,21,2204.8434240571105,1.22459727693008,6.6584745348790735,0.9395744442792305,0.031092876358580934,0.0,37.62623116705226,2028,0
3,chronos_ft,2,21,2351.700860318818,1.3134944314478498,7.061865743986195,0.9340295740570098,-0.1038025832194065,-6.660674162135124,33.471717662446224,2028,0
3,timesfm,2,21,2599.9475373739006,1.4809255063108562,8.017806847296685,0.9099515204851043,-0.6334329452020017,-17.919826369791053,26.448960091893184,2028,0
3,moirai,2,21,2827.0869557959404,1.5811721168064405,8.566261235513476,0.8906493370280636,-0.9362116549706381,-28.22166530963209,20.023314886014138,2028,0
3,naive_last,2,21,3534.888888888889,1.9954232445972284,11.063777899394243,0.8524053373233164,-1.7280531342008207,-60.32380577775338,0.0,2028,0
3,chronos_small,2,21,3915.0723262990014,2.2056652167941566,12.29012631488992,0.8221255420302648,-2.234824236492188,-77.56690944951164,-10.755173623848023,2028,0
3,seasonal_naive,2,21,4334.36768573307,2.4512890029053738,14.035621908706698,0.8495457636924535,-1.7197038329468002,-96.58392239742099,-22.61680131890875,2028,0
6,two_stage_known,0,12,1249.4403761200624,0.7975741430934417,4.504215151638329,0.9729062576862894,0.5997587899118832,47.92094815526264,61.588239815515394,2028,0
6,two_stage,0,12,1835.0272291273661,1.1951551757336452,6.439411501489519,0.9537680055998953,0.19248071543841816,23.51257408617186,43.58544256739595,2028,0
6,global_gbm_stack_factor,0,12,1844.983174930861,1.1833445085254102,6.467307421874265,0.9498924019058285,0.07594945189331781,23.097591324630482,43.27936521474857,2028,0
6,two_stage_news,0,12,1858.1447586808124,1.2115552071414033,6.562129286741965,0.9520194077303745,0.14845079363358943,22.548991474991315,42.87473638386264,2028,0
6,prophet,0,12,2399.1227410303163,1.4800705925720337,7.8120752212970945,0.9056286626717,-0.30396074349213953,0.0,26.243357311878274,2028,0
6,chronos_small,0,12,2493.2592114530685,1.621723184698267,8.812721667887148,0.9072510530240179,-0.9001006714565183,-3.9237871749039708,23.349303625442005,2028,0
6,timesfm,0,12,2539.6948450052137,1.6626976234226571,9.054847009983106,0.9085529094709544,-0.8472850125877327,-5.8593127217212695,21.921724963738658,2028,0
6,moirai,0,12,2965.263034075675,1.8733057586215918,9.724917714133403,0.8669950174456327,-1.3693341115549833,-23.597804454232577,8.838408998328278,2028,0
6,naive_last,0,12,3252.7548076923076,2.077615539860404,10.944047797170445,0.8427090864188573,-2.219458584468817,-35.58100851044388,0.0,2028,0
6,seasonal_naive,0,12,3871.880177514793,2.4840778248000355,13.542655277717058,0.8133160342165048,-2.3933043359839363,-61.38733176494309,-19.033877633762653,2028,0
6,global_gbm_cat,0,12,6755.7278838676975,4.369662011832217,21.10306239574119,0.4721197229540519,-10.712341862754759,-181.59159047304155,-107.69250322500028,2028,0
6,global_gbm,0,12,7199.599197135942,4.706643366221289,22.55158348196974,0.4226639400098142,-12.406961483764958,-200.09299124245868,-121.33851528279666,2028,0
6,global_gbm_news,0,12,7302.197898078708,4.767185628080515,22.77377821788443,0.40251438606887713,-12.766956999890752,-204.36950028420551,-124.49272477624312,2028,0
6,chronos_ft,0,12,,,,,,,,0,2028
6,global_gbm_stack_factor,1,18,1039.5349690863363,0.5571818509759692,3.373949827983491,0.9831855665528991,0.7805255652187939,44.57017882795541,48.315854403979195,2028,0
6,global_gbm_news,1,18,1373.2528588748155,0.7431214230380047,4.36722057738166,0.9772843409511028,0.6573077460967007,26.77575776182659,31.723893078249045,2028,0
6,global_gbm,1,18,1413.8798393888187,0.7630560995510448,4.47057665463286,0.9760509542945971,0.6371041944678418,24.60945616388168,29.703979522230853,2028,0
6,two_stage_known,1,18,1560.1214134816169,0.8265855037622182,4.990391901792037,0.9682561930225784,0.5436427371784551,16.81159987146015,22.433064129892855,2028,0
6,two_stage,1,18,1662.3899808616532,0.8802228130818242,5.289359055147531,0.96401761487822,0.4657607853832302,11.358461141188345,17.34842178158214,2028,0
6,global_gbm_cat,1,18,1770.3542026590997,0.94087305216913,5.488560512315373,0.954337464389326,0.11532419879168981,5.601620164043312,11.980599895374027,2028,0
6,prophet,1,18,1875.4074018384426,0.9909805354138129,5.8394531241517,0.9527385233107861,0.08891038288587266,0.0,6.757509760671695,2028,0
6,naive_last,1,18,2011.322731755424,1.0669317875287612,6.2391235131505285,0.933400117539034,-0.2947289544445729,-7.24724290752745,0.0,2028,0
6,two_stage_news,1,18,2111.6618510421217,1.1186095847727693,6.542375645155494,0.9465103454551697,0.10336135139832947,-12.597500093690645,-4.988713034587176,2028,0
6,timesfm,1,18,2321.077023959489,1.2517330594187779,7.405367860992551,0.9185894526089946,-0.6950944407806362,-23.76388307330775,-15.400526594442676,2028,0
6,chronos_ft,1,18,3450.119819515712,1.8274213494828284,10.915942147549856,0.8312879767731836,-2.4896080261862528,-83.96641797049512,-71.53486931978082,2028,0
6,chronos_small,1,18,3450.119868632761,1.827421374070068,10.915942297587588,0.831287975380289,-2.489607517028159,-83.966420589502,-71.53487176180805,2028,0
6,seasonal_naive,1,18,4280.581525312295,2.3061664237099246,14.245690718290545,0.8431977704769716,-2.407749176625181,-128.24808738176486,-112.82420059839566,2028,0
6,moirai,1,18,4907.702863925229,2.5946763458124487,15.975522261073229,0.7261309640250565,-4.599493930810472,-161.6872930710553,-144.0037486993412,2028,0
12,two_stage_known,0,12,1355.576480439999,0.8661603862587484,4.654465569754285,0.9720624671168916,0.7070116762821628,50.20166099677193,49.630804728736145,2028,0
12,two_stage,0,12,1642.2174596233606,1.0528868981757775,5.5410698359482895,0.9620767172783493,0.5459242013281986,39.671643060080456,38.980077409723705,2028,0
12,two_stage_news,0,12,1878.2272421353273,1.2023041038126994,6.314536061146084,0.954188538900958,0.4416977828630726,31.001608335227278,30.21065495897771,2028,0
12,moirai,0,12,2579.608628573346,1.6394427477849736,8.220513442116072,0.9066627855469325,-0.164835293926472,5.235723078013606,4.149406093358993,2028,0
12,naive_last,0,12,2691.28079799474,1.7232258203445219,8.825284865357363,0.8982923715856737,-0.34484742755890585,1.1333440309328615,0.0,2028,0
12,prophet,0,12,2722.1319175969434,1.6891611587665118,8.363202342303442,0.8936262970074395,-0.033370921694385824,0.0,-1.1463359611226822,2028,0
12,timesfm,0,12,3476.7013990012224,2.286835612915743,12.00617944662913,0.8476983267294768,-1.3843718889964638,-27.719798461141497,-29.183896440374973,2028,0
12,chronos_small,0,12,4020.5943574623243,2.5951472695310414,13.506309403998683,0.7815157735619458,-2.1376131612767235,-47.700202604862874,-49.39334314197348,2028,0
12,seasonal_naive,0,12,4076.230851413544,2.643407415245199,13.894172998003803,0.8330600266671386,-1.410704717038654,-49.74405997972275,-51.46062998891543,2028,0
12,global_gbm,0,12,,,,,,,,0,2028
12,global_gbm_cat,0,12,,,,,,,,0,2028
12,global_gbm_stack_factor,0,12,,,,,,,,0,2028
12,chronos_ft,0,12,,,,,,,,0,2028
12,global_gbm_news,0,12,,,,,,,,0,2028
