проверка,признак,сдвиг,наклон,p,прошёл
остаток агрегата,t_ceny,1,-0.6626125031513183,0.4963007398520296,False
остаток агрегата,t_ceny,2,-1.8677746088670149,0.14497100579884023,False
остаток агрегата,t_ceny,3,-2.5518375164804885,0.07198560287942411,False
остаток агрегата,t_dohody,1,-2.855886536905019,0.08098380323935213,False
остаток агрегата,t_dohody,2,-4.223244431905295,0.04559088182363527,False
остаток агрегата,t_dohody,3,-0.285946214612898,0.9050189962007599,False
остаток агрегата,t_zanjatost,1,1.6110816891615207,0.4383123375324935,False
остаток агрегата,t_zanjatost,2,1.7044268348032146,0.5424915016996601,False
остаток агрегата,t_zanjatost,3,-2.405853045724633,0.45510897820435914,False
остаток агрегата,t_proizvodstvo,1,1.906906061217749,0.5426914617076585,False
остаток агрегата,t_proizvodstvo,2,3.6149238150828054,0.3805238952209558,False
остаток агрегата,t_proizvodstvo,3,0.311996338137354,0.9432113577284543,False
остаток агрегата,t_kredit,1,-0.2611558416497533,0.8004399120175965,False
остаток агрегата,t_kredit,2,-1.0139919326124058,0.5006998600279944,False
остаток агрегата,t_kredit,3,-2.3814330542919384,0.16356728654269145,False
остаток агрегата,t_torgovlja,1,-0.614966798031632,0.5824835032993402,False
остаток агрегата,t_torgovlja,2,1.8419988585474134,0.23655268946210758,False
остаток агрегата,t_torgovlja,3,1.3263881647137132,0.46430713857228556,False
остаток агрегата,t_dkp,1,-1.3584377062507067,0.4983003399320136,False
остаток агрегата,t_dkp,2,-2.7287243188598342,0.28794241151769645,False
остаток агрегата,t_dkp,3,-5.876836479664443,0.03499300139972006,False
остаток агрегата,intensity,1,-0.0028138783262879083,0.6544691061787642,False
остаток агрегата,intensity,2,-0.012947716695982223,0.08278344331133773,False
остаток агрегата,intensity,3,-0.02406932073726838,0.0011997600479904018,False
события,t_ceny,0,0.004132197332974947,0.15316205533596838,False
события,t_ceny,1,0.0034391500854714825,0.24308300395256918,False
события,t_ceny,2,0.0016210049100845898,0.6022727272727273,False
события,t_dohody,0,0.0016352201263026625,0.3542490118577075,False
события,t_dohody,1,-0.0015207218261366513,0.3824110671936759,False
события,t_dohody,2,0.0015368809497565625,0.3784584980237154,False
события,t_zanjatost,0,-0.001138853388625384,0.41205533596837945,False
события,t_zanjatost,1,0.0012167000127913975,0.3804347826086957,False
события,t_zanjatost,2,0.0002385099532720182,0.8621541501976284,False
события,t_proizvodstvo,0,-0.0012751911335375874,0.17638339920948617,False
события,t_proizvodstvo,1,-0.00028732250289723385,0.7702569169960475,False
события,t_proizvodstvo,2,0.00014905658227623055,0.8809288537549407,False
события,t_kredit,0,-0.0008905051660391787,0.7544466403162056,False
события,t_kredit,1,0.0014330211083997922,0.5760869565217391,False
события,t_kredit,2,-0.0003383682712022294,0.8992094861660079,False
события,t_torgovlja,0,0.002200196903026228,0.32262845849802374,False
события,t_torgovlja,1,0.005106450455593173,0.031126482213438736,False
события,t_torgovlja,2,-0.0015042024436612532,0.4955533596837945,False
события,t_dkp,0,0.0014632397484906166,0.3359683794466403,False
события,t_dkp,1,0.0010440495531681198,0.49407114624505927,False
события,t_dkp,2,-1.1286681886964536e-05,0.9955533596837944,False
события,intensity,0,0.0748880441988002,0.8680830039525692,False
события,intensity,1,0.08336498508046392,0.8502964426877471,False
события,intensity,2,0.1894744463293094,0.6857707509881423,False
