признак,сдвиг,p,наклон,прошёл
intensity,0,0.92103948025987,-0.0008376303618634631,False
intensity,1,0.20689655172413793,0.009236382999316096,False
intensity,2,0.20039980009995004,-0.010796772429548506,False
t_ceny,0,0.4672663668165917,0.33827735383804025,False
t_ceny,1,0.25787106446776614,0.5842011008184029,False
t_ceny,2,0.4062968515742129,0.4866031814797188,False
t_dohody,0,0.3258370814592704,0.6533012155686886,False
t_dohody,1,0.5632183908045977,0.34103562948735816,False
t_dohody,2,0.7461269365317341,-0.2133737178411723,False
t_zanjatost,0,0.4572713643178411,0.4670336534917712,False
t_zanjatost,1,0.4547726136931534,-0.4869192245689026,False
t_zanjatost,2,0.4547726136931534,0.5328116997160502,False
t_proizvodstvo,0,0.5777111444277861,0.41631102335179215,False
t_proizvodstvo,1,0.782608695652174,-0.23592374238080852,False
t_proizvodstvo,2,0.6441779110444777,0.39316009176380484,False
t_kredit,0,0.07796101949025487,1.2302585305835059,False
t_kredit,1,0.8000999500249875,-0.161539520816186,False
t_kredit,2,0.8755622188905547,0.11295149447839381,False
t_torgovlja,0,0.44427786106946526,-0.42684492621889053,False
t_torgovlja,1,0.7806096951524237,0.16153595223248854,False
t_torgovlja,2,0.7501249375312344,0.18462977350901072,False
