design,feature,lag,n,df,r,t,p,alpha,t_threshold,r_critical,passed
within_month,t_ceny,0,252,233,0.049125418866963755,0.7507734450686566,0.45354655163752877,0.004166666666666667,2.8938347468715677,0.18626370260984826,False
pooled,t_ceny,0,252,250,0.22296023667848952,3.6163431303476195,0.00036138064213236785,0.004166666666666667,2.8918750343069033,0.17991377329945116,
within_month,t_ceny,1,252,233,0.08235035781763492,1.2613077630882914,0.2084593438985697,0.004166666666666667,2.8938347468715677,0.18626370260984826,False
pooled,t_ceny,1,252,250,0.1456576721633048,2.3278767005631393,0.020717262815233683,0.004166666666666667,2.8918750343069033,0.17991377329945116,
within_month,t_dohody,0,252,233,0.07570969697836913,1.1589847680804328,0.24764881113697437,0.004166666666666667,2.8938347468715677,0.18626370260984826,False
pooled,t_dohody,0,252,250,0.1836254776185525,2.9535958491593903,0.0034402820736969147,0.004166666666666667,2.8918750343069033,0.17991377329945116,
within_month,t_dohody,1,252,233,0.03712335636089747,0.5670543173125888,0.5712231625383135,0.004166666666666667,2.8938347468715677,0.18626370260984826,False
pooled,t_dohody,1,252,250,-0.0686226350299342,-1.0875829003394129,0.2778266955522591,0.004166666666666667,2.8918750343069033,0.17991377329945116,
within_month,t_zanjatost,0,252,233,0.05000834332344629,0.7643005242077558,0.44546149342490093,0.004166666666666667,2.8938347468715677,0.18626370260984826,False
pooled,t_zanjatost,0,252,250,-0.05188014097482528,-0.8214032224057444,0.41219924755075577,0.004166666666666667,2.8918750343069033,0.17991377329945116,
within_month,t_zanjatost,1,252,233,-0.050420006935583524,-0.7706081382463027,0.4417199107836348,0.004166666666666667,2.8938347468715677,0.18626370260984826,False
pooled,t_zanjatost,1,252,250,0.08982411793340281,1.4260084417823093,0.15511338463160504,0.004166666666666667,2.8918750343069033,0.17991377329945116,
within_month,t_proizvodstvo,0,252,233,0.03275242558888301,0.5002124451510068,0.6173976028130612,0.004166666666666667,2.8938347468715677,0.18626370260984826,False
pooled,t_proizvodstvo,0,252,250,-0.09004428360749188,-1.4295322316730517,0.15409973752225048,0.004166666666666667,2.8918750343069033,0.17991377329945116,
within_month,t_proizvodstvo,1,252,233,-0.017719928691969058,-0.2705254476999483,0.7869955210018434,0.004166666666666667,2.8938347468715677,0.18626370260984826,False
pooled,t_proizvodstvo,1,252,250,-0.04905722445633932,-0.7765978723500451,0.43813019574480366,0.004166666666666667,2.8918750343069033,0.17991377329945116,
within_month,t_kredit,0,252,233,0.1235864901791455,1.9010396409568724,0.05853080193310342,0.004166666666666667,2.8938347468715677,0.18626370260984826,False
pooled,t_kredit,0,252,250,0.0601139363521902,0.9522068350388719,0.341911795284258,0.004166666666666667,2.8918750343069033,0.17991377329945116,
within_month,t_kredit,1,252,233,-0.015370261842435092,-0.23464458300769547,0.8146906716124462,0.004166666666666667,2.8938347468715677,0.18626370260984826,False
pooled,t_kredit,1,252,250,0.1040220937535194,1.6537050884340052,0.09944251148039125,0.004166666666666667,2.8918750343069033,0.17991377329945116,
within_month,t_torgovlja,0,252,233,-0.05465487318417898,-0.8355192777151684,0.4042813429945052,0.004166666666666667,2.8938347468715677,0.18626370260984826,False
pooled,t_torgovlja,0,252,250,0.1436503833669293,2.295115785102549,0.022555303544932452,0.004166666666666667,2.8918750343069033,0.17991377329945116,
within_month,t_torgovlja,1,252,233,0.019252541040746717,0.293931764083344,0.7690717118329053,0.004166666666666667,2.8938347468715677,0.18626370260984826,False
pooled,t_torgovlja,1,252,250,0.21236544940363367,3.436170542554303,0.0006907538429229652,0.004166666666666667,2.8918750343069033,0.17991377329945116,
