model,MAE,MASE,sMAPE,R² пул,R² медиана,"к Prophet, %","к наивной, %",серий,отказов
global_gbm_stack_factor,1217.032436222938,0.6207988257547953,4.002749849349548,0.9778151050715815,0.3056106900821326,23.010817293128962,34.29935800051451,2028,0
global_gbm_factor,1235.7057226010502,0.6290913843669538,4.143647797893854,0.9727188218677442,0.1496281920058257,21.82954963426202,33.291293739639315,2028,0
global_gbm_region,1266.228100630491,0.6438799318671417,4.271941893366561,0.9714133697211143,0.1877100260248885,19.898711253282045,31.643564581237555,2028,0
global_gbm_cat,1273.0705575824722,0.6384508860470746,4.1325056640024656,0.976845759792128,-0.18709628639327408,19.465859052501852,31.274179344477396,2028,0
global_gbm_all,1276.8397541949291,0.6529951473676855,4.303201064573685,0.9740015212216747,-0.3638246644592435,19.227420570488047,31.070701910441826,2028,0
global_gbm_stack,1325.614041469946,0.6681550530440191,4.288166242929483,0.9760120282489576,0.3604001995403605,16.14197074791173,28.437656239957384,2028,0
two_stage,1392.8059453205744,0.7480984344219629,4.509750166035153,0.9735136349957344,-0.39990759600361203,11.89142687741875,24.810348463465775,2028,0
global_gbm,1466.1042705950472,0.7277698447006393,4.687429687271846,0.9696644958959413,-0.13387610539396286,7.254592238748268,20.85338981167696,2028,0
global_gbm_pretrain,1472.5341086064475,0.7609653190798314,4.841911857105632,0.9667422560428053,-0.45253383251598567,6.8478422140968265,20.506279518862783,2028,0
global_gbm_news,1490.274791938246,0.7375228747929228,4.766503073074549,0.9681785013075641,-0.08886298418593186,5.725570802321263,19.548561178975234,2028,0
two_stage_news,1500.3572733861072,0.7965248087497914,4.806323352998874,0.9697527490681763,-1.0753508541630874,5.087755421872491,19.00426549353876,2028,0
prophet,1580.7836808148397,0.8386791421666612,5.106071045307205,0.9611410012183232,-0.5662359152697752,0.0,14.662502328886365,2028,0
ets_damped,1675.3398287021953,0.887441093358783,5.471434642639543,0.9536671315088814,-0.687476767065018,-5.981599445574686,9.557955041323723,2028,0
ets_seasonal,1690.101808514293,0.8858423830256197,5.577243048778364,0.9592492780590327,-0.28456216708443016,-6.915438780535964,8.761039920599199,2028,0
chronos_ft,1830.3519255809294,0.9687668541457366,6.019828646647469,0.9565809839240524,-0.5551689564559217,-15.787627857939793,1.1897357732929066,2028,0
naive_last,1852.3904777558623,1.0071947618662422,5.957237733150614,0.9347221975191063,-1.0114966983684899,-17.1817814314112,0.0,2028,0
arima011,1895.7743329559055,1.0273861296272915,6.159617696284139,0.9331585775786434,-1.0143415122950925,-19.926233801875973,-2.3420469777301993,2028,0
drift,1901.208108976661,1.016505416417214,6.057079361035197,0.9420274547932768,-1.2757280085420506,-20.26997318169766,-2.635385562980235,2028,0
arima111,1904.7103014182267,1.0234280194692646,6.052266886735308,0.9364277686922905,-1.2288387572909851,-20.491521043310232,-2.824448964224264,2028,0
global_gbm_ext,1933.5093792728057,0.9712028045955503,6.226197243593085,0.9464272463736435,-0.0291738333987773,-22.313343864743594,-4.379146972036777,2028,0
theta,1948.8222568083283,1.0332809835540389,6.463003583409919,0.943174663446243,-0.9728330605128862,-23.282032858776564,-5.205801919759995,2028,0
chronos_ft_base,2003.67444754556,1.047490591278636,6.680182695093198,0.9535298266220129,-1.3766691446570625,-26.751969410054553,-8.16695894339597,2028,0
timesfm,2119.5757680772144,1.1160330895619417,7.003437140664348,0.936701258899469,-1.1360483155072192,-34.08385940476346,-14.423810396879295,2028,0
moirai,2268.341192970719,1.1823136969036432,7.363386973415373,0.928689788234918,-1.1919317125344215,-43.49472483176616,-22.45480746147937,2028,0
two_stage_sa,2448.0658505073543,1.2828458600551031,7.9379373228752,0.9150154430839624,-1.8154535560973593,-54.86406395879924,-32.15711697423223,2028,0
chronos_base_log,2451.180999657449,1.3044398432060873,8.167041654647873,0.9184655952946774,-2.1388943227605353,-55.06112755376809,-32.325286114999386,2028,0
chronos_base,2462.4611921809937,1.309070925107412,8.18582442248397,0.9174751504733578,-2.1906259377127704,-55.77470985224743,-32.934239392345674,2028,0
chronos_small_log,2597.7679960139435,1.3874079684981768,8.576022464385527,0.9068969394271266,-2.812079099783694,-64.33418610918878,-40.238682243772516,2028,0
chronos_panel,2619.7979586248252,1.3991818665782525,8.630948288418464,0.9046782441218454,-2.926588099466378,-65.72779630887949,-41.427954315477976,2028,0
chronos_small,2619.7980006257876,1.3991818845659765,8.630948375659884,0.90467824173116,-2.9265883817554608,-65.72779896585038,-41.42795658287046,2028,0
seasonal_drift,3817.407493902241,2.0109169586452396,13.015438285564864,0.8683854034728966,-8.952617543368142,-141.48829091748334,-106.08006463771945,2028,0
seasonal_naive,4403.866261231646,2.311806330375466,14.990204606272282,0.8252726007506944,-11.669890575618098,-178.58753317605127,-137.73962963612564,2028,0
prophet_forced_yearly,22527.074580958502,12.098804590100919,69.82287600787406,-9.189611362957997,-215.61641652127688,-1325.0573847869287,-1116.1083125545779,2028,0
