"обучение, мес",тест,наивная,базовая,доли категорий,общий фактор,стек категорий,стек + фактор,предобучение
12,2024-01..2024-03,4474.466715976331,9213.025446667456,8662.458517986128,1606.52327245248,12865.01505524092,1622.753361339445,10852.47465638755
13,2024-02..2024-04,4175.424309664694,3480.0485513508606,3820.541026279606,3243.627061128024,1859.6828341783541,2011.4883167496248,4784.934148698952
14,2024-03..2024-05,2608.9710716633795,2582.618064608245,2616.417121657847,1646.8669475134561,2126.95159805647,1587.1300091479038,2508.5856372127764
15,2024-04..2024-06,804.673241288626,2387.2252804571604,1858.6127418988424,1831.2217649641932,2111.7935945276836,1641.1812639717677,1725.464923153043
16,2024-05..2024-07,1299.772298926145,1872.2682568940027,1543.644987165349,2271.1192990887016,1600.527505895398,1688.118358354061,1735.3332193635292
17,2024-06..2024-08,1421.4957264957266,1565.5447371978469,1448.5603253559739,1507.6819384500377,1393.455219661687,1031.069685083986,1412.0089936924114
18,2024-07..2024-09,1217.6093030900722,1127.9721973708606,1093.8516053800035,951.2955984103315,770.8153090135233,845.318575164797,1160.580826727204
19,2024-08..2024-10,1299.436171378479,899.2588058848055,877.6979654793616,952.0405120924697,815.3881774405883,836.9777587718553,1097.8385727962175
20,2024-09..2024-11,1620.6844181459567,916.6916663317219,882.5238274986593,990.6578590508558,1036.7991976637254,957.3117273352773,995.2966869821347
21,2024-10..2024-12,3534.8888888888887,883.1153339571209,866.7473254685708,924.5998044286252,1094.2332208686312,1164.5974695322493,1531.5565759390954
