penalty,month,share,n_breaks
1.0,2023-01,0.0,0
1.0,2023-02,0.0,0
1.0,2023-03,0.0,0
1.0,2023-04,0.0,0
1.0,2023-05,0.4437869822485207,9
1.0,2023-06,1.183431952662722,24
1.0,2023-07,0.7396449704142012,15
1.0,2023-08,3.599605522682446,73
1.0,2023-09,2.021696252465483,41
1.0,2023-10,50.54240631163708,1025
1.0,2023-11,0.4437869822485207,9
1.0,2023-12,0.7396449704142012,15
1.0,2024-01,63.70808678500987,1292
1.0,2024-02,12.1301775147929,246
1.0,2024-03,0.04930966469428008,1
1.0,2024-04,0.8875739644970414,18
1.0,2024-05,5.522682445759369,112
1.0,2024-06,2.514792899408284,51
1.0,2024-07,2.4161735700197235,49
1.0,2024-08,1.3313609467455623,27
1.0,2024-09,0.2465483234714004,5
1.0,2024-10,85.84812623274162,1741
1.0,2024-11,0.0,0
1.0,2024-12,0.0,0
3.0,2023-01,0.0,0
3.0,2023-02,0.0,0
3.0,2023-03,0.0,0
3.0,2023-04,0.0,0
3.0,2023-05,0.0,0
3.0,2023-06,0.0,0
3.0,2023-07,0.0,0
3.0,2023-08,0.04930966469428008,1
3.0,2023-09,0.0,0
3.0,2023-10,0.04930966469428008,1
3.0,2023-11,0.0,0
3.0,2023-12,0.0,0
3.0,2024-01,0.04930966469428008,1
3.0,2024-02,0.14792899408284024,3
3.0,2024-03,0.0,0
3.0,2024-04,0.0,0
3.0,2024-05,0.0,0
3.0,2024-06,0.0,0
3.0,2024-07,0.0,0
3.0,2024-08,0.0,0
3.0,2024-09,0.0,0
3.0,2024-10,1.232741617357002,25
3.0,2024-11,0.0,0
3.0,2024-12,0.0,0
