penalty,month,share,n_signals,n_failed
1.0,2023-01,0.0,0,0
1.0,2023-02,0.0,0,0
1.0,2023-03,0.0,0,0
1.0,2023-04,0.0,0,0
1.0,2023-05,0.0,0,0
1.0,2023-06,0.0,0,0
1.0,2023-07,0.0,0,0
1.0,2023-08,0.0,0,0
1.0,2023-09,30.57199211045365,620,0
1.0,2023-10,14.447731755424062,293,0
1.0,2023-11,6.11439842209073,124,0
1.0,2023-12,46.696252465483234,947,0
1.0,2024-01,0.19723865877712032,4,0
1.0,2024-02,0.04930966469428008,1,0
1.0,2024-03,1.3313609467455623,27,0
1.0,2024-04,41.370808678500985,839,0
1.0,2024-05,1.7751479289940828,36,0
1.0,2024-06,0.2465483234714004,5,0
1.0,2024-07,0.04930966469428008,1,0
1.0,2024-08,1.8737672583826428,38,0
1.0,2024-09,5.769230769230769,117,0
1.0,2024-10,2.4161735700197235,49,0
1.0,2024-11,2.1203155818540433,43,0
1.0,2024-12,79.53648915187377,1613,0
3.0,2023-01,0.0,0,0
3.0,2023-02,0.0,0,0
3.0,2023-03,0.0,0,0
3.0,2023-04,0.0,0,0
3.0,2023-05,0.0,0,0
3.0,2023-06,0.0,0,0
3.0,2023-07,0.0,0,0
3.0,2023-08,0.0,0,0
3.0,2023-09,0.39447731755424065,8,0
3.0,2023-10,3.205128205128205,65,0
3.0,2023-11,1.4299802761341223,29,0
3.0,2023-12,9.566074950690336,194,0
3.0,2024-01,0.0,0,0
3.0,2024-02,0.0,0,0
3.0,2024-03,0.0,0,0
3.0,2024-04,0.19723865877712032,4,0
3.0,2024-05,0.0,0,0
3.0,2024-06,0.04930966469428008,1,0
3.0,2024-07,0.0,0,0
3.0,2024-08,0.04930966469428008,1,0
3.0,2024-09,0.0,0,0
3.0,2024-10,0.09861932938856016,2,0
3.0,2024-11,0.2465483234714004,5,0
3.0,2024-12,1.232741617357002,25,0
