detector,mode,penalty,"обнаружено, %","задержка, медиана","задержка, среднее","доля с задержкой 0, %","ложных на чистых, %",J Юдена,n испорченных,n чистых,n_failed
window,ratio,3.0,16.543209876543212,4.0,4.156716417910448,1.1194029850746268,6.666666666666667,9.876543209876544,1620,60,0
bottomup,ratio,3.0,23.827160493827158,4.0,4.028497409326425,24.870466321243523,16.666666666666664,7.160493827160494,1620,60,0
binseg,ratio,3.0,32.592592592592595,2.0,2.746212121212121,25.0,26.666666666666668,5.925925925925927,1620,60,0
pelt,ratio,3.0,32.592592592592595,2.0,2.746212121212121,25.0,26.666666666666668,5.925925925925927,1620,60,0
kernel_rbf,ratio,3.0,23.950617283950617,2.0,2.5876288659793816,15.979381443298967,21.666666666666668,2.283950617283949,1620,60,0
window,ratio,1.0,37.407407407407405,3.0,3.1485148514851486,2.4752475247524752,46.666666666666664,-9.25925925925926,1620,60,0
kernel_rbf,deseason,3.0,60.864197530864196,2.0,2.2991886409736306,12.474645030425965,78.33333333333333,-17.469135802469133,1620,60,0
cusum,ratio,,34.75308641975309,1.0,1.5985790408525755,49.200710479573715,58.333333333333336,-23.580246913580247,1620,60,0
bottomup,raw,3.0,47.96296296296296,1.0,1.9742599742599742,48.00514800514801,73.33333333333333,-25.370370370370367,1620,60,0
kernel_rbf,raw,3.0,56.04938271604938,2.0,2.951541850220264,1.3215859030837005,86.66666666666667,-30.617283950617292,1620,60,0
window,raw,3.0,58.2716049382716,2.0,2.242584745762712,14.72457627118644,93.33333333333333,-35.06172839506173,1620,60,0
window,deseason,3.0,45.67901234567901,1.0,2.0364864864864867,10.0,91.66666666666666,-45.987654320987644,1620,60,0
pelt,raw,3.0,40.4320987654321,1.0,1.5770992366412213,38.47328244274809,88.33333333333333,-47.90123456790123,1620,60,0
window,raw,1.0,45.06172839506173,1.5,2.1452054794520548,12.602739726027398,93.33333333333333,-48.2716049382716,1620,60,0
binseg,raw,3.0,39.32098765432099,1.0,1.5337519623233908,39.71742543171114,88.33333333333333,-49.01234567901234,1620,60,0
cusum,deseason,,38.88888888888889,0.0,0.8015873015873016,60.0,100.0,-61.11111111111111,1620,60,0
window,deseason,1.0,32.53086419753086,1.0,1.6755218216318786,15.180265654648956,96.66666666666667,-64.13580246913581,1620,60,0
bottomup,raw,1.0,30.80246913580247,0.0,0.875751503006012,75.55110220440882,95.0,-64.19753086419753,1620,60,0
bottomup,ratio,1.0,33.0246913580247,0.0,1.1065420560747663,71.21495327102804,100.0,-66.9753086419753,1620,60,0
binseg,deseason,3.0,29.938271604938272,0.0,0.7587628865979381,55.05154639175258,98.33333333333333,-68.39506172839506,1620,60,0
bottomup,deseason,3.0,26.296296296296294,0.0,0.8497652582159625,66.90140845070422,95.0,-68.70370370370371,1620,60,0
pelt,deseason,3.0,27.160493827160494,0.0,0.65,59.54545454545455,100.0,-72.8395061728395,1620,60,0
cusum,raw,,23.333333333333332,0.0,0.8941798941798942,61.904761904761905,100.0,-76.66666666666667,1620,60,0
bottomup,deseason,1.0,18.333333333333332,0.0,0.13131313131313133,92.92929292929293,100.0,-81.66666666666667,1620,60,0
binseg,ratio,1.0,16.48148148148148,0.0,0.31835205992509363,88.01498127340824,100.0,-83.51851851851852,1620,60,0
pelt,ratio,1.0,15.925925925925927,0.0,0.32170542635658916,87.98449612403101,100.0,-84.07407407407408,1620,60,0
binseg,raw,1.0,13.88888888888889,0.0,0.5155555555555555,73.77777777777777,100.0,-86.11111111111111,1620,60,0
pelt,raw,1.0,11.666666666666666,0.0,0.42857142857142855,77.24867724867724,100.0,-88.33333333333333,1620,60,0
binseg,deseason,1.0,8.333333333333332,0.0,0.14814814814814814,91.11111111111111,100.0,-91.66666666666667,1620,60,0
pelt,deseason,1.0,6.111111111111111,0.0,0.09090909090909091,93.93939393939394,100.0,-93.88888888888889,1620,60,0
kernel_rbf,deseason,1.0,0.0,,,,100.0,-100.0,1620,60,0
kernel_rbf,ratio,1.0,0.0,,,,100.0,-100.0,1620,60,0
kernel_rbf,raw,1.0,0.0,,,,100.0,-100.0,1620,60,0
