detector,mode,penalty,magnitude,"обнаружено, %","задержка, медиана","задержка, среднее","доля с задержкой 0, %","ложных на чистых, %",J Юдена,n испорченных,n чистых,n_failed
window,ratio,3.0,1.0,1.6666666666666667,4.0,5.111111111111111,0.0,6.666666666666667,-5.0,540,60,0
bottomup,ratio,3.0,1.0,11.296296296296296,4.0,4.114754098360656,42.62295081967213,16.666666666666664,-5.3703703703703685,540,60,0
kernel_rbf,ratio,3.0,1.0,15.555555555555555,2.0,1.9047619047619047,32.142857142857146,21.666666666666668,-6.1111111111111125,540,60,0
binseg,ratio,3.0,1.0,12.777777777777777,2.0,3.6666666666666665,39.130434782608695,26.666666666666668,-13.888888888888891,540,60,0
pelt,ratio,3.0,1.0,12.777777777777777,2.0,3.6666666666666665,39.130434782608695,26.666666666666668,-13.888888888888891,540,60,0
kernel_rbf,deseason,3.0,1.0,56.111111111111114,2.0,2.5115511551155114,14.85148514851485,78.33333333333333,-22.222222222222214,540,60,0
bottomup,raw,3.0,1.0,41.2962962962963,0.0,1.9820627802690582,51.12107623318386,73.33333333333333,-32.03703703703703,540,60,0
kernel_rbf,raw,3.0,1.0,51.85185185185185,3.0,3.2964285714285713,1.7857142857142856,86.66666666666667,-34.814814814814824,540,60,0
window,raw,3.0,1.0,57.407407407407405,2.0,2.47741935483871,15.161290322580644,93.33333333333333,-35.925925925925924,540,60,0
cusum,ratio,,1.0,20.37037037037037,1.0,1.7636363636363637,36.36363636363637,58.333333333333336,-37.96296296296296,540,60,0
window,deseason,3.0,1.0,43.888888888888886,2.0,2.151898734177215,8.860759493670885,91.66666666666666,-47.77777777777777,540,60,0
pelt,raw,3.0,1.0,39.07407407407407,2.0,2.090047393364929,33.175355450236964,88.33333333333333,-49.25925925925926,540,60,0
binseg,raw,3.0,1.0,35.74074074074074,2.0,1.9170984455958548,36.26943005181347,88.33333333333333,-52.59259259259259,540,60,0
cusum,deseason,,1.0,38.88888888888889,1.0,1.2095238095238094,48.57142857142857,100.0,-61.11111111111111,540,60,0
binseg,deseason,3.0,1.0,30.0,0.5,0.9814814814814815,50.0,98.33333333333333,-68.33333333333333,540,60,0
bottomup,deseason,3.0,1.0,25.37037037037037,0.0,0.8467153284671532,67.15328467153284,95.0,-69.62962962962963,540,60,0
pelt,deseason,3.0,1.0,27.22222222222222,0.0,0.8367346938775511,54.421768707483,100.0,-72.77777777777777,540,60,0
cusum,raw,,1.0,23.333333333333332,0.0,1.2698412698412698,54.761904761904766,100.0,-76.66666666666667,540,60,0
bottomup,ratio,3.0,2.0,20.185185185185187,4.0,4.192660550458716,29.357798165137616,16.666666666666664,3.5185185185185226,540,60,0
kernel_rbf,ratio,3.0,2.0,24.074074074074073,3.0,2.792307692307692,15.384615384615385,21.666666666666668,2.4074074074074048,540,60,0
window,ratio,3.0,2.0,8.148148148148149,5.0,4.545454545454546,2.272727272727273,6.666666666666667,1.4814814814814818,540,60,0
binseg,ratio,3.0,2.0,27.962962962962962,3.0,3.2847682119205297,25.82781456953642,26.666666666666668,1.296296296296294,540,60,0
pelt,ratio,3.0,2.0,27.962962962962962,3.0,3.2847682119205297,25.82781456953642,26.666666666666668,1.296296296296294,540,60,0
kernel_rbf,deseason,3.0,2.0,61.29629629629629,2.0,2.323262839879154,11.178247734138973,78.33333333333333,-17.037037037037038,540,60,0
bottomup,raw,3.0,2.0,49.44444444444444,1.0,2.041198501872659,46.06741573033708,73.33333333333333,-23.888888888888886,540,60,0
cusum,ratio,,2.0,33.14814814814815,1.0,1.6201117318435754,46.927374301675975,58.333333333333336,-25.185185185185183,540,60,0
kernel_rbf,raw,3.0,2.0,57.03703703703704,2.0,2.9837662337662336,1.2987012987012987,86.66666666666667,-29.629629629629633,540,60,0
window,raw,3.0,2.0,58.333333333333336,2.0,2.2793650793650793,14.603174603174605,93.33333333333333,-34.99999999999999,540,60,0
window,deseason,3.0,2.0,46.48148148148148,1.0,2.1155378486055776,9.9601593625498,91.66666666666666,-45.185185185185176,540,60,0
pelt,raw,3.0,2.0,40.925925925925924,1.0,1.6199095022624435,34.841628959276015,88.33333333333333,-47.407407407407405,540,60,0
binseg,raw,3.0,2.0,40.55555555555556,1.0,1.7031963470319635,34.70319634703196,88.33333333333333,-47.77777777777777,540,60,0
cusum,deseason,,2.0,38.88888888888889,0.0,0.7523809523809524,61.904761904761905,100.0,-61.11111111111111,540,60,0
binseg,deseason,3.0,2.0,30.0,0.0,0.7592592592592593,55.55555555555556,98.33333333333333,-68.33333333333333,540,60,0
bottomup,deseason,3.0,2.0,26.481481481481485,0.0,0.9790209790209791,65.73426573426573,95.0,-68.51851851851852,540,60,0
pelt,deseason,3.0,2.0,27.22222222222222,0.0,0.6530612244897959,60.544217687074834,100.0,-72.77777777777777,540,60,0
cusum,raw,,2.0,23.333333333333332,0.0,0.8888888888888888,61.904761904761905,100.0,-76.66666666666667,540,60,0
window,ratio,3.0,4.0,39.81481481481482,4.0,4.037209302325581,0.9302325581395349,6.666666666666667,33.14814814814815,540,60,0
binseg,ratio,3.0,4.0,57.03703703703704,2.0,2.2759740259740258,21.428571428571427,26.666666666666668,30.37037037037037,540,60,0
pelt,ratio,3.0,4.0,57.03703703703704,2.0,2.2759740259740258,21.428571428571427,26.666666666666668,30.37037037037037,540,60,0
bottomup,ratio,3.0,4.0,40.0,4.0,3.9212962962962963,17.59259259259259,16.666666666666664,23.333333333333336,540,60,0
kernel_rbf,ratio,3.0,4.0,32.22222222222222,2.0,2.764367816091954,8.620689655172415,21.666666666666668,10.555555555555554,540,60,0
cusum,ratio,,4.0,50.74074074074074,0.0,1.5182481751824817,55.839416058394164,58.333333333333336,-7.592592592592595,540,60,0
kernel_rbf,deseason,3.0,4.0,65.18518518518519,2.0,2.09375,11.647727272727272,78.33333333333333,-13.148148148148138,540,60,0
bottomup,raw,3.0,4.0,53.148148148148145,1.0,1.9059233449477353,47.386759581881535,73.33333333333333,-20.185185185185183,540,60,0
kernel_rbf,raw,3.0,4.0,59.25925925925925,2.0,2.61875,0.9375,86.66666666666667,-27.40740740740742,540,60,0
window,raw,3.0,4.0,59.074074074074076,1.0,1.9780564263322884,14.420062695924765,93.33333333333333,-34.25925925925925,540,60,0
window,deseason,3.0,4.0,46.666666666666664,1.0,1.8492063492063493,11.11111111111111,91.66666666666666,-44.99999999999999,540,60,0
binseg,raw,3.0,4.0,41.66666666666667,1.0,1.04,47.55555555555556,88.33333333333333,-46.66666666666666,540,60,0
pelt,raw,3.0,4.0,41.2962962962963,1.0,1.0493273542600896,47.08520179372198,88.33333333333333,-47.03703703703703,540,60,0
cusum,deseason,,4.0,38.88888888888889,0.0,0.44285714285714284,69.52380952380952,100.0,-61.11111111111111,540,60,0
bottomup,deseason,3.0,4.0,27.037037037037038,0.0,0.726027397260274,67.8082191780822,95.0,-67.96296296296296,540,60,0
binseg,deseason,3.0,4.0,29.814814814814817,0.0,0.5341614906832298,59.62732919254658,98.33333333333333,-68.5185185185185,540,60,0
pelt,deseason,3.0,4.0,27.037037037037038,0.0,0.4589041095890411,63.6986301369863,100.0,-72.96296296296296,540,60,0
cusum,raw,,4.0,23.333333333333332,0.0,0.5238095238095238,69.04761904761905,100.0,-76.66666666666667,540,60,0
